HARGA,ALAMAT,K_TIDUR,K_MANDI,L_TANAH,L_BANGUNAN,CARPORT,SERTIFIKAT,LISTRIK,LANTAI,TAHUN
495000000,Banguntapan,3,1,50,76,1, SHM ,1300,1,2022
,,,,,,,,,,
100000000,Sewon,,,176,63,, HGB ,,1,
2500000000,Sewon,6,4,354,250,2, SHM ,4400,1,
200000000,Banguntapan,4,3,113,140,2, SHM ,1300,2,
1200000000,Sewon,4,4,120,150,3, SHM ,,2,
4750000000,Banguntapan,7,6,730,450,1, SHM ,2200,1,2018
1390000000,Sewon,12,12,150,380,1, SHM ,,3,
800000000,Sewon,2,1,90,90,, SHM ,2200,,2015
275000000,Sedayu,2,1,70,36,, SHM ,1300,1,2022
3100000000,Kasihan,4,4,281,195,2, SHM ,3500,2,
695000000,Kasihan,2,2,105,60,1, SHM ,1300,2,2022
270000000,Pandak,2,1,90,45,1, SHM ,1300,1,2022
298000000,Sedayu,2,1,96,36,1, SHM ,1300,1,
407000000,Plered,2,1,80,45,, SHM ,900,1,2021
1500000000,Sewon,2,1,150,90,1, SHM ,2200,1,2010
299000000,Sedayu,2,1,72,36,1, HGB ,1300,1,2022
260000000,Sedayu,2,1,60,36,1, SHM ,1300,1,2022
1750000000,Kasihan,9,10,109,118,1, SHM ,3500,2,
335000000,Bantul,2,1,87,50,1, SHM ,900,1,2022
150000000,Sedayu,2,1,60,30,1, SHM ,1300,1,2022
1900000000,Kasihan,4,3,166,40145,3, SHM ,2200,2,
330000000,Kasihan,2,1,73,36,1, SHM ,1300,1,2022
690000000,Kasihan,4,3,280,200,2,SHM,2200,2,2022
530000000,Piyungan,2,1,84,45,, SHM ,1300,1,2020
1990000000,Sewon,3,4,308,250,2, SHM ,3500,1,2018
399000000,Bantul,2,1,103,45,, SHM ,1300,1,2022
630000000,Sedayu,3,2,68,75,2, SHM ,1300,2,
450000000,Banguntapan,2,1,70,45,, SHM ,900,,2020
1100000000,Banguntapan,3,2,91,100,1, SHM ,2200,2,2022
482000000,Piyungan,2,1,72,40,1, SHM ,1300,1,2022
830000000,Banguntapan,4,3,320,220,2,SHM,2200,2,2020
450000000,Banguntapan,2,1,75,50,, SHM ,,1,
1700000000,Bantul,3,2,513,40,8, SHM ,1300,1,2011
385000000,Kasihan,2,1,80,45,1, SHM ,1300,1,
1750000000,Bantul,9,10,109,118,1, SHM ,3500,2,
988000000,Sedayu,3,2,92,120,1, SHM ,2200,3,2022
350000000,Kasihan,2,1,72,45,1, SHM ,1300,1,2022
430000000,Banguntapan,2,1,85,55,1,SHM,1300,1,2021
2650000000,Kasihan,4,3,130,145,2, SHM ,2200,,
515000000,Sedayu,2,1,72,48,1, SHM ,1300,1,2022
450000000,Bantul,2,1,90,46,1, SHM ,1300,1,2022
385000000,Banguntapan,2,1,50,50,, SHM ,1300,1,2022
2400000000,Kasihan,4,3,198,200,, SHM ,4400,2,2019
1000000000,Banguntapan,7,7,930,900,, HGB ,16500,2,
300000000,Pajangan,2,1,80,45,1, SHM ,1300,1,2022
445000000,Banguntapan,2,1,120,50,2, SHM ,1300,1,2020
1750000000,Kasihan,9,10,109,118,1, SHM ,3500,2,
750000000,Sewon,2,1,80,65,1, SHM ,1300,2,2022
550000000,Jetis,2,2,136,90,1, SHM ,900,2,2021
325000000,Pajangan,2,1,88,45,, SHM ,1300,1,2022
1600000000,Banguntapan,3,2,100,140,1, SHM ,2200,2,2021
699000000,Banguntapan,2,1,115,60,1, SHM ,1300,1,2021
495000000,Kasihan,3,1,100,45,, SHM ,1300,,2021
850000000,Kasihan,5,4,340,250,2,SHM,2200,3,2020
270000000,Sedayu,2,1,36,80,1, SHM ,1300,1,
375000000,Sewon,2,1,75,45,, SHM ,1300,1,2022
372000000,Kasihan,2,1,103,40,1, SHM ,1300,1,
359000000,Sedayu,2,1,78,40,1, SHM ,1300,1,2022
990000000,Sewon,3,2,105,90,, SHM ,1300,2,
499000000,Kasihan,2,1,95,50,1, SHM ,1300,1,
990000000,Sewon,2,2,124,110,3, SHM ,1300,2,2020
805000000,Banguntapan,2,1,88,76,1, SHM ,2200,1,2022
1550000000,Banguntapan,3,3,120,90,1, SHM ,2200,2,2022
520000000,Bantul,3,2,170,110,1,SHM,1300,1,2020
240000000,Pandak,2,1,80,40,1, SHM ,1300,1,
900000000,Kasihan,5,4,350,250,3,SHM,3500,3,2022
1650000000,Piyungan,4,3,588,200,1, SHM ,1300,1,
375000000,Bantul,,,,,,,,,
950000000,Kasihan,3,2,95,85,1, SHM ,2200,2,2021
931000000,Sedayu,3,3,75,120,1, SHM ,2200,3,2022
385000000,Banguntapan,2,1,70,45,1,SHM,1300,1,2023
656000000,Sedayu,2,1,107,48,1, SHM ,1300,1,2022
385000000,Banguntapan,2,1,70,45,1,SHM,1300,1,2022
950000000,Sewon,6,4,350,300,3,SHM,3500,3,2022
1500000000,Banguntapan,3,4,186,186,, SHM ,2200,2,2016
1350000000,Kasihan,3,2,147,95,, HGB ,1300,,
375000000,Kasihan,2,1,80,45,1, SHM ,900,1,
510000000,Sedayu,3,2,72,48,1, SHM ,1300,1,
175000000,Bantul,2,1,60,30,1, SHM ,1300,1,2022
335000000,Banguntapan,2,1,70,36,1, SHM ,1300,1,2022
2250000000,Sewon,,,,,,,,,
200000000,Kasihan,5,3,140,227,1, SHM ,2200,,
490000000,Banguntapan,3,2,100,70,1,SHM,1300,1,2019
650000000,Bantul,2,1,108,55,2, SHM ,2200,1,2022
540000000,Banguntapan,3,2,150,100,1,SHM,1300,1,2022
445000000,Banguntapan,2,1,81,55,1, SHM ,1300,1,2020
,,,,,,,,,,
975000000,Banguntapan,3,2,75,130,1, SHM ,2200,2,
445000000,Banguntapan,2,1,77,60,, SHM ,1300,1,2021
500000000,Kasihan,2,1,91,45,1, SHM ,1300,1,2022
445000000,Banguntapan,3,1,70,50,1, SHM ,1300,1,2022
750000000,Banguntapan,2,1,93,70,, SHM ,1300,,
350000000,Sewon,2,1,80,45,2, SHM ,1300,1,2022
175000000,Pandak,2,1,60,30,1, SHM ,1300,1,2022
345000000,Banguntapan,2,1,60,36,1, SHM ,1300,1,
3450000000,Kasihan,6,4,173,300,, HGB ,2200,2,2013
5690000000,Kasihan,22,22,275,550,10, SHM ,8000,,
430000000,Kasihan,2,1,60,80,1, SHM ,900,1,2022
429000000,Sedayu,2,1,100,42,, SHM ,1300,,
480000000,Kasihan,2,1,95,45,1, SHM ,1300,1,2022
570000000,Banguntapan,3,2,140,95,1,SHM,1300,1,2020
975000000,Bantul,3,2,80,65,1, SHM ,1300,2,2022
1150000000,Kasihan,2,1,103,60,1, SHM ,2200,1,2018
385000000,Sedayu,2,1,74,36,, HGB ,1300,1,2021
890000000,Banguntapan,2,2,96,60,1, SHM ,1300,1,2022
900000000,Banguntapan,6,4,350,280,3,SHM,3500,3,2023
835000000,Sedayu,3,2,100,70,1, SHM ,1300,1,2022
350000000,Kasihan,2,1,77,36,1, SHM ,1300,1,
510000000,Sewon,3,2,110,80,1,SHM,1300,2,2023
250000000,Sedayu,2,1,90,42,1, SHM ,1300,1,2022
600000000,Banguntapan,3,1,106,60,1, SHM ,1300,1,2022
275000000,Sedayu,2,1,70,36,, SHM ,,,
3100000000,Kasihan,4,4,281,195,1, SHM ,3500,2,2022
430000000,Sedayu,2,1,80,50,1,SHM,900,1,2020
3100000000,Kasihan,4,4,281,195,1, SHM ,3500,2,
610000000,Sedayu,4,3,170,120,2,SHM,2200,2,2023
510000000,Sedayu,3,2,72,48,1, SHM ,1300,1,
250000000,Sedayu,2,1,60,30,1, SHM ,1300,1,2022
545000000,Sewon,2,1,85,50,, HGB ,1300,1,2021
510000000,Sedayu,3,2,72,48,, SHM ,1300,1,
482000000,Piyungan,2,1,73,40,1, SHM ,1300,1,2022
535000000,Kasihan,2,1,110,54,1, SHM ,1300,1,
475000000,Kasihan,2,1,93,45,1, SHM ,1300,1,
2250000000,Kasihan,14,14,287,287,, SHM ,2200,1,2016
4500000000,Piyungan,6,3,615,440,, SHM ,,2,
285000000,Piyungan,2,1,59,36,, SHM ,,,2019
269000000,Sedayu,2,1,74,36,1, SHM ,1300,1,2022
3900000000,Banguntapan,6,5,615,440,, SHM ,4400,2,2018
445000000,Banguntapan,3,1,70,50,1, SHM ,1300,1,2022
415000000,Sedayu,3,1,75,49,1, SHM ,1300,1,2022
750000000,Banguntapan,3,2,84,65,, SHM ,2200,,
510000000,Sedayu,3,2,72,48,1, SHM ,1300,1,
590000000,Sedayu,3,2,150,100,1,SHM,900,1,2020
495000000,Sedayu,2,1,118,45,2, SHM ,1300,1,2022
390000000,Sedayu,2,1,83,40,1, SHM ,1300,1,
1650000000,Kasihan,6,2,214,159,2, SHM ,1300,2,2017
380000000,Kasihan,2,1,36,85,1, SHM ,1300,1,2018
580000000,Kasihan,3,2,185,125,1,SHM,1300,1,2022
250000000,Pajangan,2,1,72,36,1, SHM ,1300,1,2022
315000000,Sedayu,2,1,97,40,1, SHM ,1300,1,2022
1500000000,Banguntapan,6,2,260,120,, SHM ,,1,
850000000,Banguntapan,3,2,74,110,, SHM ,3500,2,2017
399000000,Sedayu,2,1,79,40,, SHM ,1300,1,2021
550000000,Banguntapan,2,1,87,45,1, SHM ,,1,
610000000,Sedayu,3,2,93,90,, SHM ,,1,
1500000000,Banguntapan,3,2,200,150,, HGB ,2200,1,2019
355000000,Bantul,2,1,83,45,1, SHM ,1300,1,2022
425000000,Banguntapan,2,1,60,75,1, SHM ,1300,1,2022
673000000,Banguntapan,3,2,104,75,1, SHM ,1300,1,2019
475000000,Jetis,2,1,100,50,1, SHM ,900,1,2022
3900000000,Kasihan,20,21,294,500,12, SHM ,3300,,
410000000,Plered,2,1,75,36,, SHM ,,,2017
1450000000,Imogiri,4,4,153,185,1, SHM ,2200,2,2021
398000000,Sedayu,2,1,80,40,2, SHM ,1300,1,2022
975000000,Banguntapan,5,2,129,80,2, SHM ,,,2018
1190000000,Kasihan,3,2,153,150,, SHM ,2200,1,2015
372000000,Kasihan,2,1,103,40,, SHM ,1300,1,
520000000,Banguntapan,2,1,100,65,2,SHM,1300,1,2021
520000000,Banguntapan,3,2,130,90,1,SHM,1300,1,2022
730000000,Kasihan,3,2,83,70,1, SHM ,2200,2,2022
299000000,Sedayu,2,1,72,36,1, SHM ,1300,1,2022
474000000,Kasihan,2,1,83,44,1, SHM ,,2,
450000000,Sewon,2,1,80,45,1, SHM ,1300,1,2022
350000000,Sewon,,,,,,,,,
3820000000,Kasihan,4,4,317,195,1, SHM ,1300,2,2022
350000000,Sewon,2,1,81,45,1, SHM ,1300,1,2022
226000000,Pandak,2,1,60,30,, SHM ,1300,1,2022
465000000,Sewon,2,1,80,45,1, SHM ,1300,1,2022
,,,,,,,,,,
510000000,Sewon,3,2,110,80,1,SHM,1300,2,2019
700000000,Banguntapan,3,2,116,75,1, SHM ,1300,1,2021
390000000,Sedayu,2,1,100,40,1, SHM ,1300,1,2022
195000000,Kasihan,2,1,65,45,1,SHM,900,1,2021
300000000,Bantul,5,3,352,227,, SHM ,2200,,
550000000,Banguntapan,2,1,80,45,1, SHM ,1300,1,
450000000,Kasihan,2,1,45,79,1, SHM ,1300,1,2022
750000000,Sedayu,4,3,320,220,2,SHM,2200,2,2019
299000000,Sedayu,2,1,101,36,1, SHM ,900,1,2022
595000000,Kasihan,2,1,133,56,1, SHM ,1300,1,2022
1400000000,Banguntapan,2,2,121,124,1, SHM ,3500,,
550000000,Sewon,3,2,90,80,1, HGB ,1300,1,
450000000,Sedayu,2,1,90,40,, HGB ,1300,1,
359000000,Sedayu,2,1,80,40,1, SHM ,1300,1,
395000000,Banguntapan,2,1,72,36,1, SHM ,1300,1,2022
185000000,Kasihan,2,1,60,30,, HGB ,900,1,2020
750000000,Banguntapan,3,3,100,85,1, SHM ,1300,1,2020
3500000000,Sewon,3,2,268,180,2, HGB ,2200,1,1999
800000000,Sedayu,4,3,320,220,2,SHM,2200,2,2020
600000000,Sewon,7,2,160,160,, SHM ,900,1,
590000000,Sedayu,3,2,170,120,2,SHM,1300,2,2023
330000000,Sedayu,2,1,60,36,1, SHM ,1300,1,2022
530000000,Kasihan,3,2,175,115,1,SHM,1300,1,2023
200000000,Banguntapan,7,5,341,250,, SHM ,2200,,
695000000,Banguntapan,3,2,105,80,1, SHM ,1300,1,2020
1450000000,Banguntapan,4,4,102,164,2, SHM ,4400,2,
561000000,Sedayu,2,1,98,36,1, SHM ,1300,1,2022
2250000000,Kasihan,3,2,132,100,, HGB ,2200,2,2013
175000000,Pandak,2,1,60,30,1, HGB ,1300,1,2022
310000000,Sewon,2,1,78,40,, SHM ,1300,1,2020
460000000,Sewon,2,1,112,52,1, SHM ,1300,1,2022
150000000,Sedayu,2,1,60,30,1, SHM ,1300,1,2022
300000000,Sewon,2,1,61,61,, SHM ,,1,
1750000000,Kasihan,3,3,120,110,2, SHM ,2200,2,
890000000,Sewon,6,6,100,60,3, SHM ,1300,2,2018
350000000,Kasihan,2,1,75,45,, SHM ,1300,1,2020
496000000,Kasihan,3,1,101,60,, SHM ,1300,1,2021
1270000000,Banguntapan,3,2,91,100,2, SHM ,,2,
500000000,Kasihan,2,1,91,45,, SHM ,,,
461000000,Pundong,2,1,72,36,, HGB ,1300,1,2020
2700000000,Kasihan,3,3,181,174,, SHM ,,2,
425000000,Banguntapan,2,1,60,40,1, SHM ,1300,1,
690000000,Kasihan,4,3,280,200,2,SHM,2200,2,2019
199000000,Pandak,2,1,60,30,1, HGB ,900,1,2022
931000000,Sedayu,3,3,120,75,1, SHM ,2200,3,
315000000,Kasihan,2,1,84,36,1, SHM ,900,1,2022
5500000000,Bantul,4,5,925,500,4, SHM ,,1,
1350000000,Sewon,3,3,110,100,, HGB ,2200,,
350000000,Sewon,2,1,75,45,, SHM ,1300,1,
455000000,Banguntapan,2,1,75,55,1, SHM ,1300,1,2019
420000000,Kasihan,2,1,103,40,1, SHM ,1300,1,2022
525000000,Banguntapan,3,1,85,70,1, SHM ,900,1,2021
412000000,Sedayu,2,1,83,36,, HGB ,1300,1,
595000000,Bantul,3,2,125,90,1, SHM ,2200,1,2021
450000000,Banguntapan,2,1,75,60,1, SHM ,900,1,2021
270000000,Sedayu,2,1,74,36,1, HGB ,1300,1,2022
899000000,Sewon,4,3,117,207,2, SHM ,,2,
280000000,Pandak,2,1,83,45,1, SHM ,1300,1,2022
1550000000,Banguntapan,3,3,120,90,1, SHM ,2200,2,2022
490000000,Banguntapan,2,1,113,80,, SHM ,,1,
372000000,Kasihan,,,110,40,, SHM ,,1,
230000000,Bantul,2,1,60,30,1, SHM ,1300,1,2022
659000000,Banguntapan,3,2,75,65,1, SHM ,1300,2,2022
275000000,Sedayu,2,1,70,36,1, SHM ,1300,1,
3100000000,Kasihan,4,4,317,195,2, SHM ,3500,2,2022
388000000,Sedayu,2,1,83,40,1, SHM ,1300,1,
750000000,Kasihan,3,2,112,70,2, SHM ,,1,
1450000000,Kasihan,,,,,,,,,
150000000,Sedayu,2,1,60,30,, HGB ,1300,1,
505000000,Sedayu,3,1,84,52,1, SHM ,1300,1,2020
185000000,Sedayu,2,1,60,30,1, SHM ,1300,1,
362000000,Kasihan,2,1,110,36,1, SHM ,1300,1,
366000000,Sedayu,2,1,81,36,1, SHM ,1300,1,2022
750000000,Banguntapan,3,2,84,65,1, SHM ,2200,2,
555000000,Sedayu,3,2,68,75,, SHM ,,,
338000000,Sedayu,3,1,88,45,, SHM ,1300,1,
365000000,Banguntapan,2,1,50,50,1, SHM ,1300,1,
1750000000,Kasihan,,,109,118,, SHM ,,1,
587000000,Kasihan,2,1,103,50,, SHM ,1300,1,2020
315000000,Sedayu,2,1,75,45,1, SHM ,1300,1,2022
226000000,Bantul,2,1,90,50,1, SHM ,1300,1,2022
375000000,Kasihan,2,1,106,36,, SHM ,1300,1,2020
397000000,Sedayu,2,1,72,36,, HGB ,1300,1,2021
758000000,Imogiri,3,2,89,80,, SHM ,1300,1,2020
390000000,Sedayu,2,1,80,40,, SHM ,1300,1,2021
385000000,Kasihan,2,1,71,36,, HGB ,1300,1,2020
1500000000,Sewon,,,,,,,,,
565000000,Piyungan,3,1,107,70,2, SHM ,1300,1,
542000000,Sedayu,2,1,123,40,, HGB ,1300,1,
680000000,Sewon,4,3,210,160,1,SHM,2200,2,2021
275000000,Pandak,2,1,96,45,1, SHM ,,1,
895000000,Banguntapan,2,2,96,50,1, SHM ,1300,2,2022
370000000,Kasihan,2,1,81,45,1, SHM ,1300,1,2022
399000000,Kasihan,2,1,84,45,1, SHM ,1300,1,2022
268000000,Sedayu,2,1,66,36,1, HGB ,,1,
2850000000,Pajangan,2,4,687,262,, SHM ,2200,,
485000000,Kasihan,2,1,83,44,1, SHM ,1300,2,2022
482000000,Piyungan,2,1,73,40,1, SHM ,,1,
330000000,Sedayu,2,1,70,36,1, SHM ,1300,1,
390000000,Sedayu,2,1,100,50,1, SHM ,1300,1,2022
318000000,Jetis,2,1,90,84,1, SHM ,1300,1,2007
549000000,Banguntapan,2,1,75,45,, SHM ,,,
550000000,Sewon,2,1,87,45,1, SHM ,1300,1,2022
450000000,Kasihan,2,1,107,67,, SHM ,,1,
890000000,Bantul,5,4,350,270,2,SHM,2200,3,2023
947000000,Kasihan,3,2,80,78,1, SHM ,2200,2,2022
392000000,Kasihan,2,1,110,40,1, SHM ,1300,1,2022
372000000,Kasihan,2,1,103,40,1, SHM ,1300,1,2022
350000000,Sewon,2,1,80,45,, SHM ,1300,1,
490000000,Sedayu,3,2,120,80,1,SHM,900,1,2023
760000000,Sewon,5,3,250,180,2,SHM,3500,2,2023
482000000,Piyungan,2,1,72,40,1, SHM ,1300,1,2022
570000000,Banguntapan,3,2,140,95,1,SHM,1300,1,2022
416000000,Piyungan,2,2,86,60,1, SHM ,,1,
357000000,Sedayu,2,1,87,45,, SHM ,1300,1,2016
275000000,Jetis,2,1,76,36,, SHM ,900,1,2020
805000000,Banguntapan,3,2,88,76,1, SHM ,2200,2,
805000000,Banguntapan,3,2,88,76,1, SHM ,1300,2,
798000000,Sedayu,2,1,108,37,, HGB ,1300,1,2018
785000000,Kasihan,3,2,83,70,1, SHM ,1300,2,2022
440000000,Banguntapan,2,1,75,55,, SHM ,1300,1,2010
540000000,Banguntapan,3,2,89,70,1, SHM ,1300,1,2022
210000000,Pajangan,2,1,60,30,1, SHM ,1300,1,2022
1050000000,Banguntapan,3,2,95,150,99, SHM ,2200,2,
195000000,Plered,2,1,60,30,1, SHM ,1300,1,2022
1700000000,Banguntapan,6,3,150,250,, SHM ,,,
355000000,Piyungan,2,1,75,40,1, SHM ,,1,
465000000,Pajangan,2,1,90,46,1, HGB ,1300,1,2022
3280000000,Kasihan,4,4,304,195,1, SHM ,3500,2,2022
450000000,Kasihan,2,1,83,65,, SHM ,1300,1,2020
760000000,Sedayu,3,2,80,75,1, SHM ,2200,2,2022
775000000,Banguntapan,4,3,330,230,2,SHM,2200,2,2020
750000000,Banguntapan,3,2,85,65,1, SHM ,1300,2,2022
785000000,Kasihan,3,2,83,70,1, SHM ,2200,2,2022
510000000,Banguntapan,3,2,75,50,1, SHM ,1300,1,2021
372000000,Kasihan,2,1,103,40,, SHM ,1300,1,
975000000,Kasihan,5,4,173,134,, SHM ,,1,
659000000,Banguntapan,3,2,76,65,1, SHM ,1300,2,2022
530000000,Kasihan,3,2,120,85,1,SHM,900,1,2020
595000000,Kasihan,2,1,100,100,1, SHM ,1300,1,
375000000,Sewon,2,1,81,45,1, SHM ,1300,1,2022
230000000,Bantul,2,1,60,36,1, HGB ,900,1,2022
2700000000,Kasihan,3,3,202,129,, SHM ,2200,,
680000000,Bantul,4,3,210,160,2,SHM,2200,2,2021
399000000,Sedayu,2,1,96,36,, SHM ,1300,,
195000000,Sedayu,2,1,60,30,1, SHM ,1300,1,2022
750000000,Banguntapan,3,2,84,65,1, HGB ,2200,2,2022
550000000,Sewon,2,1,87,45,1, SHM ,1300,1,
807000000,Sedayu,2,1,105,50,1, SHM ,2200,1,2022
385000000,Kasihan,2,1,110,40,1, SHM ,1300,1,
2200000000,Kasihan,18,9,230,300,, SHM ,2200,2,
825000000,Sedayu,3,2,82,150,1, SHM ,,2,
1090000000,Banguntapan,3,2,109,75,1, SHM ,2200,2,
279000000,Pandak,2,1,82,45,1, SHM ,1300,1,2022
429000000,Banguntapan,2,1,73,36,1, SHM ,,1,
500000000,Plered,3,1,100,80,1, SHM ,1300,1,2021
1800000000,Banguntapan,4,2,130,200,, SHM ,2200,2,2017
839000000,Banguntapan,3,2,90,76,1, SHM ,2200,2,2022
480000000,Sewon,2,1,100,70,1,SHM,1300,1,2020
465000000,Banguntapan,2,1,81,55,, SHM ,1300,1,2019
425000000,Banguntapan,2,1,85,70,1, SHM ,1300,1,2022
270000000,Sedayu,2,1,74,36,1, SHM ,1300,1,2022
335000000,Kasihan,2,1,107,36,1, SHM ,,1,
890000000,Banguntapan,3,2,79,70,1, HGB ,1300,2,
1090000000,Banguntapan,3,2,111,75,, SHM ,1300,1,2017
350000000,Kasihan,2,1,75,45,1, SHM ,1300,1,2022
656000000,Sedayu,2,1,107,48,, SHM ,1300,1,2022
890000000,Sewon,6,6,100,80,2, SHM ,2200,2,2021
510000000,Banguntapan,3,2,110,70,1,SHM,1300,1,2019
445000000,Sedayu,3,1,109,50,, SHM ,1300,1,2021
1270000000,Banguntapan,3,2,36,61,1, SHM ,1300,1,2022
250000000,Pandak,2,1,80,40,1, SHM ,1300,1,2022
850000000,Banguntapan,4,1,103,110,1, SHM ,1300,2,2015
2700000000,Banguntapan,,,,,,,,,
843000000,Banguntapan,3,2,91,76,1, SHM ,2200,2,2022
659000000,Banguntapan,3,2,76,65,1, SHM ,1300,1,2022
839000000,Banguntapan,3,2,90,76,1, SHM ,2200,2,2022
947000000,Kasihan,3,2,80,78,1, SHM ,2200,2,2022
372000000,Kasihan,2,1,103,40,1, SHM ,1300,1,
575000000,Banguntapan,2,1,90,50,, SHM ,,,2019
3190000000,Bantul,4,4,295,195,2, SHM ,3500,2,2022
477000000,Sedayu,2,1,101,45,1, SHM ,1300,1,2022
673000000,Banguntapan,3,2,104,75,2, SHM ,,1,
3570000000,Kasihan,4,4,317,195,2, SHM ,3500,2,
490000000,Sedayu,2,1,100,70,1,SHM,900,1,2022
425000000,Kasihan,2,2,101,80,, SHM ,1300,2,2022
785000000,Kasihan,3,2,83,70,1, SHM ,1300,2,2022
225000000,Kasihan,2,1,88,36,1, SHM ,2200,1,
490000000,Sedayu,3,2,110,75,1,SHM,900,1,2023
299000000,Sedayu,2,1,72,36,, HGB ,2200,1,2022
8900000000,Sewon,3,3,1044,500,, SHM ,,2,
988000000,Sedayu,3,3,92,102,1, SHM ,2200,3,2022
335000000,Kasihan,2,1,70,36,1, SHM ,1300,1,2022
470000000,Bantul,3,2,100,50,1,SHM,1300,1,2022
200000000,Banguntapan,6,3,154,250,, SHM ,2200,2,2015
620000000,Kasihan,3,2,200,93,1, SHM ,1300,2,2020
2250000000,Sewon,3,2,700,80,, SHM ,,1,
2100000000,Sewon,17,4,304,250,2, SHM ,2200,2,2001
175000000,Pandak,2,1,60,30,1, SHM ,900,1,
850000000,Banguntapan,3,2,99,60,1, SHM ,2200,1,2020
1350000000,Kasihan,3,2,147,95,, HGB ,,1,
2500000000,Banguntapan,3,4,128,130,1, SHM ,,2,2014
3280000000,Kasihan,4,4,304,195,1, SHM ,3500,2,2022
375000000,Kasihan,2,1,82,45,1, SHM ,1300,1,2022
627000000,Banguntapan,3,2,92,45,1, SHM ,1300,1,2022
560000000,Sewon,3,2,150,100,1,SHM,1300,1,2022
510000000,Sedayu,3,2,72,48,1, SHM ,1300,1,
590000000,Sedayu,3,2,170,120,1,SHM,1300,1,2021
345000000,Sedayu,2,1,72,36,1, HGB ,1300,1,2022
450000000,Piyungan,2,1,95,40,, SHM ,,1,
800000000,Banguntapan,4,3,300,200,2,SHM,2200,2,2021
425000000,Bantul,2,1,93,45,1, SHM ,900,1,2022
958000000,Kasihan,3,2,78,80,1, SHM ,2200,2,2022
535000000,Kasihan,2,1,110,54,1, SHM ,1300,1,
450000000,Banguntapan,2,1,74,47,, SHM ,2020,,
357000000,Kasihan,2,1,80,40,1, SHM ,1300,1,
337000000,Kasihan,2,1,36,90,1, SHM ,1300,1,2022
17500000000,Kasihan,12,14,1250,900,, SHM ,6600,1,2019
375000000,Bantul,2,1,92,36,1, SHM ,1300,1,2022
385000000,Kasihan,2,1,80,45,1, SHM ,1300,1,
372000000,Kasihan,2,1,103,40,1, SHM ,1300,1,
475000000,Banguntapan,2,1,93,45,1, SHM ,1300,1,2019
185000000,Sedayu,2,1,60,30,1, SHM ,1300,1,2022
375000000,Kasihan,2,1,80,45,1, SHM ,900,1,2022
575000000,Piyungan,2,1,108,55,1, SHM ,2200,1,2021
256000000,Pandak,2,1,102,36,, SHM ,900,,2018
3200000000,Sewon,7,5,243,400,, SHM ,,2,
363000000,Sedayu,2,1,80,36,1, SHM ,1300,1,2022
700000000,Banguntapan,4,2,143,120,1, SHM ,1300,1,2020
480000000,Kasihan,2,1,95,45,1, SHM ,1300,1,2022
600000000,Banguntapan,6,6,81,100,3, SHM ,2200,2,2021
482000000,Piyungan,2,1,72,40,1, SHM ,1300,1,2022
482000000,Piyungan,2,1,72,40,1, SHM ,1300,1,
699000000,Sedayu,3,2,155,90,, SHM ,1300,1,2020
1900000000,Kasihan,4,3,166,145,1, SHM ,2200,2,2021
4800000000,Banguntapan,,,,,,,,,
200000000,Sewon,4,2,490,240,, SHM ,2200,2,2005
354000000,Bantul,2,1,71,36,, SHM ,1300,1,2022
430000000,Sedayu,3,1,80,49,, SHM ,,1,
195000000,Sedayu,2,1,60,30,1, SHM ,1300,1,2022
475000000,Piyungan,2,1,108,55,1, SHM ,1300,1,2022
900000000,Banguntapan,2,1,103,103,, SHM ,1300,,
750000000,Sedayu,4,3,320,220,2,SHM,2200,2,2019
2250000000,Banguntapan,4,4,130,160,1, SHM ,4400,2,2022
800000000,Sedayu,5,4,340,240,2,SHM,2200,3,2021
449000000,Kasihan,1,,93,45,, SHM ,,,
465000000,Banguntapan,3,1,50,70,1, SHM ,1300,2,
590000000,Kasihan,2,1,100,65,1,SHM,900,1,2022
2900000000,Banguntapan,,,,,,,,,
675000000,Banguntapan,3,2,83,77,, SHM ,1300,2,2020
700000000,Kasihan,2,1,95,45,1, SHM ,1300,1,2018
875000000,Bantul,3,3,177,90,2, SHM ,1300,1,2015
622000000,Sedayu,3,2,117,60,, SHM ,1300,2,
365000000,Kasihan,2,1,79,37,1, SHM ,1300,1,2022
340000000,Kasihan,2,1,101,46,, SHM ,900,1,2020
975000000,Sedayu,2,1,120,50,, SHM ,,1,
850000000,Kasihan,5,4,340,250,2,SHM,2200,3,2020
580000000,Sewon,3,2,190,130,2,SHM,1300,1,2023
1600000000,Kasihan,3,2,120,110,2, SHM ,1300,,
486000000,Sedayu,2,1,103,40,, HGB ,1300,1,
367000000,Kasihan,2,1,79,37,1, SHM ,1300,1,2022
200000000,Kasihan,3,2,170,130,5, SHM ,2200,1,2017
375000000,Pajangan,2,1,82,36,1, HGB ,1300,1,2022
350000000,Sedayu,2,1,82,46,1, SHM ,900,1,2022
600000000,Banguntapan,4,4,179,280,, HGB ,1300,3,2000
1400000000,Kasihan,3,2,110,72,, SHM ,1300,,
675000000,Banguntapan,,,,,,,,,
2200000000,Kasihan,4,3,140,227,1, SHM ,2200,2,
510000000,Sedayu,3,2,72,48,1, SHM ,1300,1,
200000000,Kasihan,10,10,117,227,2, SHM ,1300,2,
700000000,Plered,2,1,113,60,, SHM ,1300,,
455000000,Kasihan,2,1,83,44,1, SHM ,1300,1,2022
440000000,Banguntapan,2,1,100,70,1,SHM,1300,1,2021
1350000000,Banguntapan,2,1,386,100,, SHM ,,,
1700000000,Plered,9,7,650,200,, SHM ,,1,
210000000,Pajangan,2,1,60,39,1, SHM ,1300,1,2022
750000000,Banguntapan,3,2,90,65,, SHM ,1300,1,2019
452000000,Piyungan,2,1,72,40,1, SHM ,1300,1,
1000000000,Banguntapan,7,7,938,1000,, HGB ,17600,,
3100000000,Kasihan,4,4,317,195,, SHM ,,,
1400000000,Sewon,3,2,118,210,, SHM ,,1,
650000000,Sewon,2,1,98,52,, SHM ,1300,1,2021
777000000,Sewon,2,1,60,65,1, SHM ,1300,2,2022
300000000,Sedayu,2,1,60,30,1, SHM ,1300,1,2022
1100000000,Banguntapan,10,5,115,200,, SHM ,,2,
535000000,Kasihan,2,1,110,54,1, SHM ,1300,1,2022
3700000000,Banguntapan,5,4,348,200,, SHM ,2200,1,
656000000,Sedayu,3,2,107,48,1, SHM ,2200,1,2022
1090000000,Banguntapan,3,2,91,100,1, SHM ,2200,2,
450000000,Kasihan,2,1,100,54,1, SHM ,1300,1,2022
215000000,Plered,2,1,60,30,1, SHM ,1300,1,2022
763000000,Sedayu,,,,,,,,,
230000000,Bantul,2,1,60,36,, HGB ,1300,1,
1900000000,Banguntapan,3,3,128,120,, SHM ,,2,2012
4200000000,Banguntapan,5,2,600,452,, SHM ,3500,1,1989
850000000,Banguntapan,4,2,240,150,, SHM ,,,2017
975000000,Banguntapan,3,2,75,130,1, SHM ,2200,2,
350000000,Sewon,2,1,80,45,1, SHM ,1300,1,2022
512000000,Sedayu,3,2,72,48,1, SHM ,1300,1,
240000000,Sedayu,2,1,119,30,1, SHM ,1300,1,2022
750000000,Banguntapan,3,2,123,76,1, SHM ,1300,1,2022
430000000,Bantul,2,1,86,45,1, SHM ,900,1,2022
1250000000,Banguntapan,4,2,119,107,, SHM ,,,2018
510000000,Kasihan,2,1,131,65,2, SHM ,900,1,2022
372000000,Kasihan,2,1,103,40,1, SHM ,1300,1,
210000000,Pajangan,2,1,60,39,1, SHM ,1300,1,
510000000,Sewon,3,2,130,90,1,SHM,1300,1,2020
890000000,Sewon,6,6,100,100,4, SHM ,2200,2,2021
850000000,Banguntapan,,,,,,,,,
800000000,Sedayu,,,,,,,,,
385000000,Piyungan,2,1,84,43,1, SHM ,1300,1,2022
890000000,Sewon,6,6,100,75,1, SHM ,1300,2,2022
520000000,Sewon,3,2,120,80,2,SHM,1300,1,2019
250000000,Pandak,2,1,80,40,1, SHM ,1300,1,2022
280000000,Pandak,2,1,82,45,1, SHM ,1300,1,2022
3290000000,Banguntapan,4,4,281,295,2, SHM ,2200,2,2022
1100000000,Jetis,3,2,133,115,99, SHM ,2200,2,2019
975000000,Banguntapan,3,2,75,130,1, SHM ,2200,2,2021
372000000,Kasihan,2,1,103,40,, SHM ,3300,1,
175000000,Bantul,2,1,60,30,1, SHM ,1300,1,2022
2200000000,Kasihan,14,14,287,287,, SHM ,4400,,
22500000000,Kasihan,16,8,1250,1000,10, SHM ,24000,,
640000000,Sewon,4,2,190,130,2,SHM,2200,1,2021
1400000000,Sewon,3,2,388,200,1, SHM ,2200,1,
750000000,Banguntapan,3,2,84,65,1, SHM ,1300,2,2022
315000000,Sedayu,2,1,80,45,1, SHM ,1300,1,2022
480000000,Sedayu,2,1,84,45,, SHM ,2200,1,2020
1500000000,Banguntapan,3,2,115,90,, SHM ,2020,,
365000000,Sedayu,2,1,83,40,1, SHM ,1300,1,
430000000,Sewon,2,1,85,55,1,SHM,1300,1,2020
299000000,Sedayu,2,1,72,36,1, HGB ,2200,1,2022
865000000,Kasihan,2,1,111,85,, SHM ,,1,
280000000,Bambanglipuro,2,1,100,36,1, SHM ,900,1,2022
330000000,Sedayu,2,1,60,30,1, SHM ,1300,1,2022
315000000,Kasihan,2,1,80,40,1, SHM ,1300,1,2021
560000000,Kasihan,3,2,185,125,1,SHM,1300,1,2022
800000000,Banguntapan,4,3,300,200,2,SHM,2200,2,2021
475000000,Kasihan,2,2,66,108,1, SHM ,1300,1,2022
395000000,Banguntapan,2,1,72,36,1, SHM ,1300,1,2022
1700000000,Banguntapan,3,4,126,178,1, SHM ,2200,2,2019
835000000,Plered,3,2,90,76,1, SHM ,1300,2,2022
2250000000,Banguntapan,4,4,130,160,2, SHM ,4400,,
947000000,Kasihan,3,2,80,78,1, SHM ,2200,2,2022
499000000,Sedayu,3,1,84,52,1, SHM ,1300,1,
550000000,Sewon,3,2,80,75,, HGB ,1300,2,2021
699000000,Sewon,3,2,128,82,, SHM ,1300,2,2021
819000000,Piyungan,3,2,108,68,3, SHM ,2200,2,2021
350000000,Sewon,2,1,80,45,1, SHM ,900,1,2022
500000000,Sewon,12,9,1850,600,, SHM ,5500,1,2017
900000000,Banguntapan,,,,,,,,,
330000000,Sedayu,2,1,60,36,1, SHM ,1300,1,2022
1700000000,Kasihan,4,3,155,177,2, SHM ,,2,
350000000,Sedayu,2,1,96,36,1, SHM ,1300,1,
1350000000,Kasihan,7,2,395,260,, SHM ,,,
520000000,Kasihan,3,2,129,100,1, SHM ,1300,1,2022
1850000000,Sewon,3,2,143,184,, SHM ,,,2019
450000000,Sewon,2,2,105,65,1, SHM ,900,1,2022
1100000000,Banguntapan,10,5,115,200,, SHM ,,2,
805000000,Banguntapan,3,2,88,76,1, SHM ,2200,2,
475000000,Sewon,2,1,91,89,1, SHM ,2200,1,2021
605000000,Sedayu,3,2,68,75,2,,,,
990000000,Sewon,2,2,124,110,1, SHM ,1300,1,2022
1200000000,Kasihan,9,5,1000,842,, HGB ,5500,,
890000000,Banguntapan,2,2,96,60,, SHM ,1300,1,2022
760000000,Kasihan,5,3,250,180,2,SHM,3500,2,2023
530000000,Piyungan,2,2,84,45,, SHM ,1300,2,2020
325000000,Kasihan,2,1,92,36,1, SHM ,1300,1,2022
400000000,Banguntapan,,,,,,,,,
1150000000,Bantul,4,2,120,107,, SHM ,1300,2,2019
850000000,Banguntapan,3,2,102,90,1, SHM ,1300,2,2022
975000000,Kasihan,5,3,173,134,, SHM ,,1,
2500000000,Sewon,,,,,,,,,
325000000,Kasihan,2,1,80,40,1, SHM ,1300,1,
485000000,Banguntapan,2,1,100,47,1, SHM ,1300,1,2022
1600000000,Banguntapan,3,2,100,140,1, HGB ,2200,2,2021
280000000,Sedayu,2,1,82,39,1, SHM ,1300,1,
1700000000,Bantul,5,4,100,180,1, SHM ,2200,2,
510000000,Sedayu,3,2,72,48,1, SHM ,1300,1,2022
495000000,Sewon,2,1,124,45,5, SHM ,1300,1,2022
399000000,Kasihan,3,1,90,60,1, SHM ,900,1,2022
282000000,Sedayu,2,1,64,32,1, HGB ,1300,1,2022
500000000,Kasihan,2,1,91,45,, SHM ,1300,1,
721000000,Sedayu,2,2,74,77,, HGB ,1300,1,2020
350000000,Bantul,2,1,75,36,1, SHM ,1300,1,2022
975000000,Kasihan,5,2,173,135,2, SHM ,900,,
760000000,Kasihan,5,3,250,180,2,SHM,3500,2,2023
391000000,Banguntapan,2,1,40,90,, SHM ,1300,1,2022
570000000,Banguntapan,3,2,120,80,1,SHM,1300,1,2023
975000000,Banguntapan,3,2,70,140,, SHM ,1300,2,
450000000,Banguntapan,2,1,60,36,1, SHM ,1300,1,2022
270000000,Sedayu,2,1,74,36,1, HGB ,1300,1,
550000000,Bantul,3,2,120,70,2, SHM ,900,1,2022
230000000,Bantul,2,1,60,30,1, SHM ,1300,1,2022
482000000,Piyungan,2,1,72,40,1, SHM ,1300,1,
3500000000,Bantul,,,,,,,,,
610000000,Banguntapan,4,3,180,130,2,SHM,2200,2,2022
750000000,Sewon,3,2,80,65,1, SHM ,1300,2,2022
600000000,Piyungan,2,2,96,45,, SHM ,2200,2,2020
450000000,Banguntapan,2,1,60,36,1, SHM ,1300,1,2022
425000000,Sedayu,2,1,105,45,1, SHM ,1300,1,2022
622000000,Sedayu,3,2,117,60,, SHM ,1300,2,
385000000,Sedayu,2,1,73,40,1, SHM ,1300,1,2022
275000000,Pandak,2,1,105,45,1, SHM ,1300,1,2022
814000000,Banguntapan,3,2,90,76,1, SHM ,2200,2,2022
180000000,Pajangan,1,,60,36,, SHM ,,,
365000000,Piyungan,,,,,,,,,
275000000,Sedayu,2,1,70,36,, SHM ,,,
370000000,Kasihan,2,1,80,52,, SHM ,900,1,2022
947000000,Kasihan,3,2,80,78,1, SHM ,2200,2,
512000000,Sedayu,3,2,72,48,1, SHM ,1300,1,
464000000,Sedayu,2,1,95,40,, HGB ,1300,1,
399000000,Sedayu,2,1,96,36,, SHM ,1300,,
299000000,Sedayu,2,1,72,36,1, SHM ,2200,1,2022
495000000,Bantul,2,1,124,45,3, SHM ,1300,1,2022
550000000,Jetis,2,2,90,136,1, SHM ,900,1,
375000000,Bantul,2,1,82,36,1, SHM ,1300,1,2022
452000000,Piyungan,2,1,72,40,1, SHM ,1300,1,2021
2300000000,Banguntapan,5,4,110,300,, SHM ,2200,,
363000000,Sedayu,2,1,80,36,1, SHM ,1300,1,2022
350000000,Sewon,2,1,75,45,1, SHM ,1300,1,
450000000,Banguntapan,2,1,100,70,1,SHM,1300,1,2021
370000000,Banguntapan,2,1,90,43,1, SHM ,1300,1,2022
1450000000,Banguntapan,,,,,,,,,
435000000,Sedayu,2,1,75,40,1, SHM ,1300,1,2022
350000000,Sewon,2,1,80,45,1, SHM ,1300,1,2022
345000000,Sedayu,2,1,72,36,1, HGB ,1300,1,2022
880000000,Kasihan,2,1,107,50,, HGB ,1300,1,2014
482000000,Piyungan,,,,,,,,,
370000000,Kasihan,2,1,52,80,1, SHM ,900,1,
450000000,Kasihan,2,1,106,55,, SHM ,1300,1,2020
650000000,Sewon,2,1,116,45,, SHM ,1300,1,
210000000,Pajangan,2,1,60,39,1, HGB ,1300,1,2022
800000000,Sewon,2,2,112,120,, SHM ,1300,1,
1500000000,Banguntapan,2,2,175,120,1, SHM ,,1,
550000000,Banguntapan,3,2,140,95,1,SHM,1300,1,2023
980000000,Kasihan,3,2,104,91,1, SHM ,3500,2,
784000000,Banguntapan,3,2,83,70,2, SHM ,2200,2,2022
200000000,Kasihan,10,10,117,227,1, SHM ,,2,
230000000,Bantul,2,1,60,30,1, HGB ,900,1,2022
1700000000,Banguntapan,3,2,157,130,, SHM ,,,2017
850000000,Kasihan,5,4,340,250,2,SHM,2200,3,2020
1300000000,Bantul,3,2,135,125,1, SHM ,,1,
650000000,Kasihan,3,2,58,70,1, SHM ,1300,2,
1100000000,Banguntapan,,,91,100,, SHM ,,1,
535000000,Sedayu,2,1,109,45,1, SHM ,5500,1,2018
324000000,Sedayu,2,1,80,45,1, SHM ,1300,1,2022
1390000000,Sewon,5,3,174,150,2, SHM ,2200,1,
270000000,Sedayu,2,1,80,36,1, SHM ,1300,1,
185000000,Pandak,2,1,60,30,1, SHM ,1300,1,2022
1900000000,Kasihan,4,2,169,169,, SHM ,2200,2,2000
2200000000,Kasihan,14,14,287,287,1, SHM ,,2,
9500000000,Sewon,4,3,1402,600,1, SHM ,6600,,
1700000000,Sewon,,,,,,,,,
478000000,Sedayu,2,1,83,45,, SHM ,2200,1,2020
895000000,Banguntapan,3,2,96,58,1, SHM ,1300,1,2022
505000000,Plered,2,2,127,90,, SHM ,,1,
499000000,Kasihan,2,1,95,50,1, SHM ,1300,1,
750000000,Plered,3,2,80,74,1, SHM ,1300,2,
500000000,Kasihan,4,4,204,300,, HGB ,2200,,
499000000,Sewon,4,2,180,150,, SHM ,1300,2,2018
805000000,Banguntapan,3,2,88,76,1, SHM ,2200,2,
390000000,Sedayu,2,1,102,45,1, SHM ,1300,1,2022
839000000,Banguntapan,3,2,90,76,, SHM ,2200,2,2022
350000000,Sewon,2,1,80,45,1, SHM ,900,1,2022
785000000,Kasihan,3,2,83,70,1, SHM ,2200,2,2022
650000000,Kasihan,2,2,89,45,1, SHM ,1300,1,2019
372000000,Kasihan,2,1,103,40,, SHM ,1300,1,
350000000,Sewon,2,1,75,45,1, SHM ,1300,1,
385000000,Bantul,2,1,73,45,1, SHM ,1300,1,
699000000,Sewon,,,,,,,,,
372000000,Kasihan,2,1,103,40,, SHM ,1300,1,
385000000,Sedayu,2,1,80,36,, HGB ,1300,1,
470000000,Banguntapan,2,1,94,45,1, SHM ,1300,1,
9500000000,Sewon,,,,,,,,,
330000000,Sedayu,2,1,60,36,1, SHM ,1300,1,2022
175000000,Pandak,2,1,60,30,1, HGB ,900,1,2022
250000000,Pajangan,2,1,72,36,1, SHM ,1300,1,
595000000,Plered,2,1,81,42,, HGB ,1300,1,
958000000,Kasihan,3,2,78,80,1, SHM ,2200,2,2022
685000000,Banguntapan,3,2,120,70,2, SHM ,,1,
195000000,Plered,2,1,60,30,1, HGB ,1300,1,2022
500000000,Bantul,,,138,90,, SHM ,,1,
425000000,Banguntapan,2,1,77,50,1, SHM ,1300,1,2021
367000000,Kasihan,2,1,100,45,1, SHM ,1300,1,2022
299000000,Sedayu,2,1,72,36,1, HGB ,1300,1,2022
2500000000,Kasihan,5,4,185,150,, HGB ,,1,
540000000,Sewon,3,2,130,90,1,SHM,1300,1,2022
475000000,Bantul,3,3,120,80,, SHM ,1300,1,2021
1350000000,Kasihan,4,4,96,96,1, HGB ,3500,2,
482000000,Piyungan,2,1,73,40,1, SHM ,1300,1,2022
370000000,Kasihan,2,1,73,45,1, SHM ,,1,
310000000,Kasihan,2,1,84,36,1, SHM ,900,1,2022
270000000,Sedayu,2,1,74,36,1, HGB ,1300,1,2022
550000000,Kasihan,3,2,120,90,1,SHM,2200,1,2022
920000000,Banguntapan,3,2,97,160,, SHM ,2200,2,
395000000,Banguntapan,2,1,72,36,1, SHM ,1300,1,2022
385000000,Sedayu,,,73,40,2, SHM ,,1,
270000000,Sedayu,2,1,74,36,1, HGB ,1300,1,2022
2700000000,Sewon,4,4,200,158,, SHM ,,1,
372000000,Kasihan,2,1,103,40,1, SHM ,1300,1,2022
550000000,Sewon,3,2,80,75,, HGB ,1300,2,2020
299000000,Sedayu,2,1,91,36,1, SHM ,900,1,2022
1100000000,Banguntapan,3,2,110,60,1, SHM ,2200,1,2020
255000000,Pajangan,2,1,60,30,1, SHM ,1300,1,2022
1550000000,Banguntapan,3,3,120,90,2, SHM ,3500,2,2022
932000000,Sedayu,3,3,75,120,1, SHM ,2200,3,2022
330000000,Sedayu,2,1,60,36,1, SHM ,1300,1,2022
200000000,Kasihan,11,11,256,400,2, SHM ,2200,2,2021
230000000,Bantul,2,1,60,30,1, HGB ,900,1,2022
365000000,Kasihan,2,1,79,37,1, SHM ,1300,1,2022
350000000,Sewon,2,1,76,68,1, SHM ,,1,
250000000,Pajangan,2,1,72,36,, SHM ,,,
435000000,Sedayu,3,2,105,45,1, SHM ,1300,1,2022
375000000,Kasihan,2,1,36,92,1, SHM ,1300,1,
930000000,Banguntapan,3,3,104,70,1, SHM ,2200,1,2022
185000000,Sedayu,2,1,60,30,1, SHM ,1300,1,2022
450000000,Sewon,2,1,85,45,1, SHM ,1300,1,2022
473000000,Sedayu,2,1,91,36,1, SHM ,1300,1,2022
529000000,Banguntapan,3,2,75,45,1, SHM ,1300,1,
895000000,Banguntapan,2,1,96,58,1, SHM ,1300,1,2022
795000000,Sedayu,3,2,110,70,1, SHM ,1300,2,2022
650000000,Sewon,1,,116,45,, SHM ,,,
850000000,Kasihan,5,4,340,250,2,SHM,2200,3,2020
529000000,Banguntapan,3,1,72,45,1, SHM ,1300,1,
135000000,Bantul,2,1,60,30,1, SHM ,1300,1,2022
610000000,Sedayu,3,2,150,100,2,SHM,900,1,2020
1500000000,Banguntapan,4,3,130,182,2, SHM ,3500,2,2021
9500000000,Sewon,4,3,1402,600,6, SHM ,6600,,
550000000,Banguntapan,2,2,87,45,1, SHM ,1300,1,2022
450000000,Kasihan,2,1,95,60,1,SHM,900,1,2022
4500000000,Kasihan,5,3,461,250,, SHM ,,1,
1300000000,Banguntapan,3,3,112,103,, HGB ,2200,,
2490000000,Kasihan,4,3,130,145,1, SHM ,,2,
1200000000,Kasihan,8,6,90,140,1, SHM ,,2,
585000000,Kasihan,3,2,91,55,1, SHM ,1300,1,2022
375000000,Kasihan,2,1,82,45,1, SHM ,1300,1,2022
475000000,Kasihan,3,1,87,60,1, SHM ,900,1,2015
350000000,Kasihan,2,1,75,45,1, SHM ,1300,1,2022
210000000,Pajangan,2,1,60,39,1, SHM ,1300,1,2022
1100000000,Sewon,4,1,147,60,, HGB ,1300,1,
1100000000,Banguntapan,3,2,91,100,1, SHM ,2200,2,2022
345000000,Kasihan,2,1,103,36,1, SHM ,1300,1,
950000000,Kasihan,2,2,112,70,1, SHM ,,2,
482000000,Piyungan,2,1,73,40,1, SHM ,1300,1,
482000000,Piyungan,2,1,72,40,1, SHM ,1300,1,
200000000,Banguntapan,4,3,113,140,1, SHM ,4400,2,2022
366000000,Sedayu,2,1,81,36,1, HGB ,1300,1,2022
1090000000,Banguntapan,3,2,109,75,1, SHM ,2200,2,
345000000,Bantul,2,1,73,36,1, SHM ,1300,1,2022
1980000000,Banguntapan,4,2,100,200,2, SHM ,2200,2,
580000000,Sewon,3,2,140,95,1,SHM,1300,1,2023
1900000000,Banguntapan,5,4,130,200,, SHM ,,2,
2500000000,Banguntapan,4,4,170,130,1, SHM ,5500,,
340000000,Kasihan,2,1,120,48,, SHM ,,1,
399000000,Sedayu,2,1,80,36,1, SHM ,1300,1,2021
750000000,Banguntapan,3,2,84,65,1, SHM ,2200,2,2022
199000000,Bambanglipuro,2,1,60,30,1, SHM ,900,1,2022
350000000,Sewon,2,1,75,40,1, SHM ,1300,1,
399000000,Bantul,2,1,110,45,1, SHM ,900,1,2022
1350000000,Banguntapan,3,2,112,86,1, SHM ,1300,,
1400000000,Banguntapan,3,2,106,90,, SHM ,,1,
430000000,Sedayu,2,1,80,50,1,SHM,900,1,2023
500000000,Kasihan,2,1,91,45,1, SHM ,1300,1,2022
435000000,Kasihan,2,1,107,67,, SHM ,900,1,2020
650000000,Kasihan,4,3,210,150,1,SHM,2200,2,2022
500000000,Banguntapan,2,1,83,54,, SHM ,900,1,2017
950000000,Bantul,7,7,150,290,, SHM ,,,2013
365000000,Sedayu,2,1,96,36,1, SHM ,1300,1,2022
5500000000,Bantul,4,5,925,500,1, SHM ,4400,1,
245000000,Bantul,2,1,60,30,1, SHM ,1300,1,2022
5500000000,Kasihan,,,,,,,,,
1100000000,Bantul,3,2,111,75,1, SHM ,1300,1,
460000000,Sedayu,,,,,,,,,
650000000,Banguntapan,2,1,105,70,, SHM ,1300,1,2020
947000000,Bantul,3,2,80,78,1, SHM ,2200,2,
506000000,Banguntapan,3,2,84,62,, SHM ,,,
390000000,Sedayu,2,1,83,40,1, SHM ,1300,1,2022
565000000,Banguntapan,2,1,72,51,1, SHM ,1300,1,2022
1350000000,Banguntapan,4,2,240,300,, SHM ,2200,2,
230000000,Bantul,2,1,60,36,1, SHM ,1300,1,2022
325000000,Bantul,2,1,80,45,1, SHM ,900,1,2022
750000000,Kasihan,2,1,122,54,, SHM ,1300,1,2015
525000000,Sewon,3,2,97,56,3, SHM ,2200,1,2022
350000000,Sedayu,2,1,70,60,, SHM ,1300,2,2020
900000000,Banguntapan,2,1,112,65,1, SHM ,1300,1,
749000000,Banguntapan,3,2,100,85,1, SHM ,,1,
800000000,Kasihan,2,1,70,50,, SHM ,1300,,
1270000000,Banguntapan,3,2,91,100,2, SHM ,2200,2,2022
395000000,Banguntapan,2,1,72,36,1, SHM ,1300,1,
365000000,Banguntapan,2,1,50,40,1, SHM ,900,1,
520000000,Sedayu,2,2,45,112,, SHM ,,1,
530000000,Bantul,3,2,130,90,1,SHM,1300,1,2023
1850000000,Piyungan,4,4,509,200,1, SHM ,2200,2,
299000000,Sedayu,2,1,72,36,1, SHM ,2200,1,2022
385000000,Kasihan,2,1,110,40,1, SHM ,1300,1,2022
364000000,Banguntapan,2,1,50,50,1, SHM ,1300,1,
795000000,Sedayu,3,2,110,70,1, SHM ,1300,2,2022
520000000,Bantul,3,2,130,90,2,SHM,1300,1,2019
600000000,Sewon,3,3,90,130,1, SHM ,1300,2,2017
375000000,Kasihan,2,1,82,45,1, SHM ,1300,1,2022
850000000,Kasihan,5,4,340,250,2,SHM,2200,3,2020
1100000000,Kasihan,3,2,150,110,2, SHM ,900,2,2016
928000000,Kasihan,3,2,80,78,1, SHM ,1300,2,2021
805000000,Banguntapan,3,2,88,76,1, SHM ,2200,2,
1500000000,Kasihan,4,3,117,110,1, SHM ,1300,2,
500000000,Banguntapan,2,1,105,45,, SHM ,1300,1,2019
495000000,Piyungan,2,2,175,125,1, SHM ,,1,
500000000,Kasihan,2,1,91,45,1, SHM ,1300,1,
180000000,Bantul,1,1,60,40,1,SHM,900,1,2018
750000000,Sedayu,4,3,320,220,2,SHM,2200,2,2019
610000000,Sedayu,3,2,150,100,2,SHM,900,1,2022
150000000,Sedayu,2,1,60,30,1, SHM ,1300,1,2022
299000000,Sedayu,2,1,72,36,1, SHM ,1300,1,2022
4500000000,Sewon,7,5,701,424,, SHM ,3300,2,2018
500000000,Kasihan,2,1,91,45,1, SHM ,1300,1,
700000000,Bantul,4,3,300,200,2,SHM,2200,2,2021
210000000,Pajangan,2,1,60,39,1, SHM ,1300,1,2022
1550000000,Banguntapan,3,3,120,90,1, SHM ,2200,2,2022
700000000,Banguntapan,3,2,84,65,, SHM ,2200,2,2021
1350000000,Banguntapan,3,1,136,120,, SHM ,1300,1,2016
250000000,Pandak,2,1,72,36,1, SHM ,1300,1,2022
285000000,Jetis,2,1,105,45,1, SHM ,1300,1,2022
100000000,Banguntapan,4,2,176,130,1, SHM ,1300,4,
805000000,Banguntapan,3,2,88,76,1, SHM ,2200,2,
255000000,Pajangan,2,1,60,30,1, SHM ,1300,1,2022
500000000,Banguntapan,6,4,569,241,3, SHM ,4400,2,
450000000,Sewon,2,1,80,45,1, SHM ,1300,1,2022
338000000,Sedayu,3,1,88,45,1, SHM ,1300,1,2022
360000000,Bantul,2,1,83,45,1, SHM ,1300,1,2022
950000000,Sewon,6,4,350,300,3,SHM,3500,3,2022
450000000,Bantul,2,1,68,45,2, SHM ,1300,1,2020
345000000,Bantul,2,1,73,36,1, SHM ,1300,1,2022
890000000,Bantul,6,6,100,75,1, SHM ,1300,2,
890000000,Banguntapan,3,2,104,70,1, SHM ,2200,1,
199000000,Pandak,2,1,72,38,, SHM ,1300,1,2021
1670000000,Kasihan,3,3,106,150,, SHM ,2200,2,2016
325000000,Bantul,,,,,,,,,
805000000,Banguntapan,3,2,88,76,1, SHM ,2200,2,2021
2500000000,Kasihan,3,3,150,150,1, SHM ,2200,,
3800000000,Banguntapan,4,2,765,250,, SHM ,900,1,2010
585000000,Sedayu,3,2,75,68,, SHM ,1300,1,2022
750000000,Banguntapan,3,2,100,85,, SHM ,,1,
595000000,Kasihan,3,2,83,100,, SHM ,,1,
3500000000,Sewon,5,5,800,600,1, SHM ,2200,1,2018
425000000,Bantul,2,1,92,55,1, SHM ,900,1,2022
3130000000,Bantul,4,4,281,195,1, SHM ,3500,2,2022
230000000,Bantul,2,1,60,36,1, SHM ,1300,1,2022
390000000,Kasihan,2,1,83,45,1, SHM ,1300,1,2022
270000000,Bantul,2,1,74,36,1, SHM ,1300,1,2022
800000000,Sewon,4,3,300,200,2,SHM,2200,2,2022
950000000,Sewon,6,4,350,300,3,SHM,3500,3,2022
665000000,Plered,3,2,125,80,1, SHM ,1300,1,2022
974000000,Sedayu,3,3,86,120,1, SHM ,2200,3,2022
805000000,Banguntapan,3,2,88,76,1, SHM ,2200,2,2022
350000000,Kasihan,2,1,75,45,1, SHM ,1300,1,
850000000,Sewon,4,3,133,110,1, SHM ,2200,2,
550000000,Kasihan,2,1,99,60,, HGB ,1300,1,2018
570000000,Sedayu,3,2,150,100,2,SHM,1300,2,2023
805000000,Banguntapan,3,2,88,76,, SHM ,2200,2,2022
175000000,Bantul,2,1,60,30,, SHM ,,,
390000000,Plered,2,1,96,40,1, SHM ,,1,
590000000,Sedayu,3,2,150,100,1,SHM,900,1,2022
482000000,Piyungan,2,1,72,40,1, SHM ,1300,1,
375000000,Kasihan,2,1,82,45,1, SHM ,1300,1,2022
800000000,Kasihan,6,6,636,725,1,,2200,2,
1550000000,Kasihan,4,2,105,200,1, HGB ,7700,2,2015
195000000,Bantul,2,1,60,30,1, SHM ,1300,1,2022
1980000000,Banguntapan,,,100,200,, SHM ,,1,
550000000,Imogiri,2,1,88,60,1, SHM ,2200,1,2015
210000000,Pajangan,2,1,60,39,1, SHM ,1300,1,2022
898000000,Jetis,3,3,177,85,2, SHM ,1300,1,2020
720000000,Sedayu,4,3,200,150,2,SHM,2200,2,2022
100000000,Banguntapan,4,3,115,100,1, SHM ,2200,1,
450000000,Kasihan,2,1,95,60,1,SHM,900,1,2020
1750000000,Bantul,9,10,109,118,1, SHM ,3500,2,2017
285000000,Pajangan,2,1,72,36,, SHM ,1300,1,2022
230000000,Bantul,2,1,60,30,1, SHM ,1300,1,2022
345000000,Sedayu,2,1,72,36,, SHM ,,,
2050000000,Kasihan,13,13,208,248,2, SHM ,2200,2,2020
480000000,Kasihan,2,1,95,45,1, SHM ,1300,1,2022
355000000,Sedayu,2,1,72,36,1, SHM ,1300,1,2022
470000000,Banguntapan,2,1,94,45,1, SHM ,1300,1,2022
560000000,Bantul,3,2,130,90,2,SHM,1300,1,2020
450000000,Sewon,2,2,105,65,1, SHM ,900,1,
747000000,Kasihan,2,2,150,50,1, SHM ,1300,1,2021
415000000,Sedayu,3,1,75,49,, SHM ,1300,1,2021
395000000,Banguntapan,2,1,72,36,1, SHM ,1300,1,2022
345000000,Sedayu,2,1,90,60,1,SHM,900,1,2019
2640000000,Banguntapan,6,4,168,198,2, SHM ,,2,
291000000,Bantul,2,1,71,36,1, SHM ,,1,
430000000,Bantul,2,1,86,45,1, SHM ,900,1,2022
900000000,Banguntapan,6,4,350,280,3,SHM,3500,3,2023
375000000,Pajangan,2,1,82,36,1, HGB ,1300,1,2022
485000000,Piyungan,2,1,72,40,1, SHM ,1300,1,
510000000,Sedayu,3,2,72,48,1, SHM ,1300,1,
375000000,Kasihan,2,1,121,65,1, SHM ,900,1,
900000000,Kasihan,3,2,96,84,1, SHM ,1300,2,2022
499000000,Kasihan,2,1,95,50,1, SHM ,1300,1,
785000000,Kasihan,3,2,83,70,1, SHM ,1300,2,2022
838000000,Banguntapan,3,2,90,76,1, SHM ,2200,2,2022
2250000000,Banguntapan,4,4,130,160,2, SHM ,1300,2,
330000000,Pajangan,2,1,84,45,1, SHM ,900,1,2022
299000000,Sedayu,2,1,72,36,1, SHM ,2200,1,2022
440000000,Kasihan,2,1,104,50,1, SHM ,1300,1,2022
395000000,Banguntapan,2,1,72,36,1, SHM ,1300,1,2022
1650000000,Banguntapan,,,,,,,,,
300000000,Banguntapan,4,4,173,240,, SHM ,2200,,
895000000,Banguntapan,2,2,96,58,1, SHM ,1300,1,2022
600000000,Plered,2,1,114,48,, SHM ,1300,,2019
370000000,Bambanglipuro,2,1,165,54,, SHM ,1300,,
1300000000,Sewon,3,3,135,95,1, HGB ,2200,2,2019
365000000,Bantul,2,1,89,45,1, SHM ,1300,1,2022
515000000,Sedayu,3,2,72,48,1, SHM ,1300,1,2022
510000000,Sewon,3,2,110,80,2,SHM,1300,2,2019
475000000,Banguntapan,2,1,70,45,1, SHM ,1300,1,2022
350000000,Bantul,2,1,80,45,1, SHM ,1300,1,2022
22500000000,Kasihan,14,14,287,287,, SHM ,4400,1,
350000000,Kasihan,2,1,89,45,1, SHM ,1300,1,2021
395000000,Kasihan,2,1,145,75,1, SHM ,1300,1,2020
850000000,Banguntapan,3,1,90,105,1, SHM ,1300,1,
3570000000,Kasihan,4,4,317,195,2, SHM ,3500,2,2022
375000000,Kasihan,2,1,106,36,, SHM ,1300,1,2020
2100000000,Banguntapan,3,2,123,120,2, HGB ,3300,,
850000000,Kasihan,5,4,340,250,2,SHM,2200,3,2020
165000000,Pajangan,2,1,60,36,1, SHM ,1300,1,2021
385000000,Bantul,2,1,80,45,1, SHM ,1300,1,2022
555000000,Kasihan,3,2,110,60,1, SHM ,,1,
839000000,Banguntapan,3,2,90,76,1, SHM ,2200,2,2022
260000000,Pajangan,2,1,72,36,1, SHM ,900,1,2022
895000000,Bantul,4,3,128,130,1, SHM ,2200,2,2022
3500000000,Sewon,4,4,804,600,1, SHM ,1300,,
795000000,Sedayu,,,,,,,,,
2250000000,Banguntapan,4,4,130,160,1, SHM ,4400,2,
460000000,Kasihan,4,1,102,53,1, SHM ,1300,1,2022
4800000000,Banguntapan,3,1,855,185,, SHM ,1300,1,
890000000,Banguntapan,2,1,96,96,1, SHM ,1300,1,2022
175000000,Pandak,2,1,63,30,1, HGB ,900,1,2022
255000000,Kasihan,2,1,60,60,1, SHM ,1300,1,2021
350000000,Kasihan,2,1,80,45,2, SHM ,1300,1,
468000000,Banguntapan,2,1,83,37,, SHM ,1300,1,2020
1100000000,Bantul,3,3,200,175,1, SHM ,1300,1,
480000000,Banguntapan,2,1,94,45,, SHM ,1300,1,2020
475000000,Kasihan,3,1,107,70,, SHM ,,,
825000000,Kasihan,3,2,95,75,, SHM ,2200,2,2020
270000000,Bantul,,1,90,36,1, SHM ,,,2022
210000000,Pajangan,2,1,60,36,1, SHM ,1300,1,2022
1500000000,Banguntapan,5,3,210,250,, SHM ,,,2019
825000000,Sedayu,5,4,340,250,2,SHM,2200,3,2020
350000000,Kasihan,2,1,80,45,2, SHM ,1300,1,
1700000000,Kasihan,4,2,163,220,1, SHM ,2200,,
675000000,Banguntapan,3,2,104,75,1, SHM ,2200,1,2019
425000000,Banguntapan,3,1,70,60,1, SHM ,1300,1,2022
545000000,Sedayu,2,1,94,36,1, SHM ,1300,1,2022
372000000,Kasihan,2,1,103,40,1, SHM ,1300,1,
450000000,Banguntapan,2,1,75,60,1, SHM ,900,1,2021
210000000,Pajangan,2,1,60,36,1, SHM ,1300,1,2023
465000000,Sedayu,3,1,75,49,1, SHM ,1300,1,
750000000,Banguntapan,3,2,84,65,1, SHM ,1300,2,
315000000,Sewon,2,1,75,40,, SHM ,1300,1,2020
805000000,Banguntapan,3,2,76,88,1, SHM ,2200,2,2022
585000000,Banguntapan,3,3,110,80,, SHM ,,,2019
375000000,Pajangan,2,1,82,36,1, SHM ,1300,1,2022
359000000,Sedayu,2,1,78,40,1, SHM ,1300,1,
3100000000,Kasihan,4,4,281,195,1, SHM ,3500,2,
990000000,Sewon,3,2,90,170,1, SHM ,1300,2,2020
1110000000,Sewon,3,2,80,90,2, SHM ,2200,2,2022
299000000,Sedayu,2,1,72,36,1, SHM ,2200,1,2022
490000000,Kasihan,2,1,100,65,1,SHM,900,1,2023
565000000,Kasihan,4,2,125,87,1,,,,2018
345000000,Kasihan,2,1,73,36,1, SHM ,1300,1,
490000000,Kasihan,2,1,93,45,, SHM ,1300,1,2022
450000000,Kasihan,2,1,79,45,1, SHM ,1300,1,2022
,,,,,,,,,,
400000000,Bantul,2,1,80,40,, SHM ,2200,2,2020
335000000,Kasihan,2,1,107,36,, SHM ,1300,1,
495000000,Sewon,3,2,70,105,1, SHM ,1300,1,2022
390000000,Imogiri,2,1,76,76,1, HGB ,1300,1,2015
210000000,Bantul,2,1,60,39,1, SHM ,1300,1,2022
425000000,Sedayu,2,1,45,85,1, SHM ,1300,1,2022
350000000,Sewon,2,1,105,45,1, SHM ,1300,1,2022
377000000,Kasihan,2,1,80,40,1, SHM ,1300,1,2022
1550000000,Banguntapan,4,3,160,150,2, SHM ,2200,2,
775000000,Banguntapan,3,1,114,120,, SHM ,,,
235000000,Piyungan,2,1,65,45,, SHM ,,,
980000000,Kasihan,3,2,104,91,1, SHM ,3500,2,
475000000,Banguntapan,2,1,70,45,, SHM ,1300,1,2021
720000000,Kasihan,4,3,290,210,2,SHM,2200,2,2022
950000000,Sewon,3,1,208,80,1, SHM ,1300,1,
465000000,Banguntapan,2,1,81,55,, SHM ,1300,1,
340000000,Imogiri,2,1,550,50,1, HGB ,450,1,2010
373000000,Sedayu,2,1,40,81,1, SHM ,1300,1,
250000000,Pajangan,2,1,72,36,1, SHM ,1300,1,2022
1550000000,Banguntapan,3,3,120,90,1, SHM ,2200,2,
500000000,Kasihan,2,1,91,45,1, SHM ,1300,1,2022
2100000000,Kasihan,6,4,458,300,, SHM ,2200,2,2019
450000000,Sewon,2,1,80,45,1, SHM ,900,1,2022
475000000,Kasihan,2,1,93,45,1, SHM ,1300,1,
699000000,Kasihan,5,5,68,120,2, SHM ,1300,2,
1690000000,Kasihan,3,2,112,160,, HGB ,2200,2,2017
480000000,Kasihan,2,1,95,45,1, SHM ,1300,1,2022
785000000,Kasihan,3,2,83,70,, SHM ,2200,2,
950000000,Kasihan,2,2,112,70,1, SHM ,,2,
235000000,Sedayu,2,1,70,45,1,SHM,900,1,2019
425000000,Banguntapan,2,1,75,60,1, SHM ,1300,1,
280000000,Pandak,2,1,82,45,1, SHM ,1300,1,
920000000,Banguntapan,3,2,97,160,, SHM ,1300,2,
385000000,Sedayu,2,1,68,40,1, SHM ,1300,1,2022
450000000,Piyungan,2,1,85,50,, SHM ,1300,,
750000000,Banguntapan,3,2,84,65,1, SHM ,2200,2,2022
900000000,Banguntapan,6,4,350,280,3,SHM,3500,3,2023
750000000,Sewon,2,1,97,50,, SHM ,,1,
1550000000,Banguntapan,3,3,120,90,1, SHM ,2200,2,2022
345000000,Pajangan,2,1,62,40,1, SHM ,1300,1,2021
220000000,Pandak,2,1,60,30,1, HGB ,900,1,
770000000,Banguntapan,4,3,320,220,2,SHM,2200,2,2021
345000000,Kasihan,2,1,73,36,1, SHM ,1300,1,2022
586000000,Kasihan,3,2,91,55,1, SHM ,1300,1,2022
268000000,Sedayu,2,1,63,32,, SHM ,1300,1,2021
621000000,Kasihan,2,1,109,50,, SHM ,1300,1,2020
452000000,Piyungan,2,1,72,40,, SHM ,1300,1,2021
890000000,Sewon,6,6,100,75,2, SHM ,1300,1,2022
375000000,Kasihan,2,1,90,45,1, SHM ,1300,1,
255000000,Pajangan,2,1,60,30,1, SHM ,1300,1,2022
900000000,Banguntapan,29,29,547,547,, SHM ,900,2,2018
580000000,Sewon,3,2,140,95,1,SHM,1300,1,2021
485000000,Piyungan,2,1,72,40,1, SHM ,1300,1,
385000000,Sedayu,2,1,70,40,2, SHM ,1300,1,2022
458000000,Pajangan,2,1,83,46,1, SHM ,1300,1,2022
975000000,Banguntapan,3,2,80,65,1, SHM ,1300,2,2022
776000000,Banguntapan,3,2,88,76,1, SHM ,2200,2,2022
150000000,Sedayu,2,1,60,30,1, SHM ,1300,1,2022
839000000,Banguntapan,3,2,90,76,1, SHM ,2200,2,
350000000,Kasihan,2,1,105,45,2, SHM ,1300,1,2022
750000000,Bantul,3,2,270,180,1,SHM,1300,1,2019
1200000000,Bantul,3,2,113,90,, SHM ,3300,1,2019
575000000,Banguntapan,2,1,80,45,1, SHM ,1300,1,2021
875000000,Kasihan,3,1,133,120,2, SHM ,2200,1,2015
509000000,Sedayu,,,,,,,,,
630000000,Sedayu,3,2,68,75,2, SHM ,2200,2,2021
600000000,Piyungan,2,1,84,45,, HGB ,1300,2,2020
495000000,Kretek,2,1,71,50,1, SHM ,1300,1,
5500000000,Sewon,1,1,714,400,, SHM ,11000,1,2021
947000000,Kasihan,3,2,80,78,1, SHM ,2200,2,2022
299000000,Sedayu,2,1,72,36,1, SHM ,1300,1,2022
1300000000,Banguntapan,4,2,100,200,1, SHM ,,2,
230000000,Bantul,2,1,60,36,1, SHM ,1300,1,2022
900000000,Banguntapan,2,1,112,65,1, SHM ,1300,1,
372000000,Bantul,2,1,103,40,1, SHM ,1300,1,
1400000000,Kasihan,3,2,300,236,2, SHM ,2200,1,
395000000,Banguntapan,2,1,72,36,1, SHM ,1300,1,2022
475000000,Banguntapan,2,1,94,45,1, SHM ,1300,1,2022
470000000,Kasihan,2,1,95,65,1,SHM,900,1,2019
385000000,Sedayu,3,2,73,75,, SHM ,2200,2,2021
860000000,Banguntapan,3,2,106,65,1, SHM ,2200,2,2022
1350000000,Sewon,3,3,135,95,, HGB ,2200,2,2013
520000000,Banguntapan,2,1,100,65,2,SHM,1300,1,2023
5700000000,Banguntapan,,,,,,,,,
805000000,Bantul,3,2,76,88,1, SHM ,2200,2,
230000000,Bantul,2,1,60,30,1, SHM ,1300,1,
275000000,Sedayu,2,1,70,36,1, SHM ,1300,1,2022
950000000,Banguntapan,3,2,230,200,5, SHM ,,1,
3200000000,Sewon,4,4,284,420,3, SHM ,2200,2,
465000000,Banguntapan,2,1,81,55,, SHM ,,1,
1120000000,Banguntapan,2,2,137,100,, SHM ,2200,1,
2100000000,Banguntapan,3,2,120,130,2, HGB ,2200,,
2500000000,Kasihan,11,11,1340,700,, SHM ,13200,1,2019
360000000,Bantul,2,1,77,45,1, SHM ,1300,1,2022
390000000,Sedayu,3,1,74,45,, SHM ,1300,1,2018
330000000,Sedayu,2,1,97,40,1, SHM ,1300,1,2019
485000000,Kasihan,2,1,83,44,1, SHM ,1300,1,2022
450000000,Sewon,2,1,80,45,1, SHM ,1300,1,2022
875000000,Sewon,3,2,81,120,1, SHM ,2200,2,2021
900000000,Banguntapan,2,2,100,50,, SHM ,,1,
1500000000,Banguntapan,4,2,165,180,, SHM ,,2,
520000000,Banguntapan,2,1,83,51,, SHM ,,1,
100000000,Kasihan,4,1,175,100,1, SHM ,900,1,2010
2700000000,Bantul,3,3,129,202,, SHM ,2200,,
947000000,Kasihan,3,2,80,78,1, SHM ,2200,2,2022
380000000,Banguntapan,2,1,80,80,1, SHM ,1300,1,2022
300000000,Sedayu,2,1,99,36,, SHM ,,1,
175000000,Sedayu,2,1,60,30,1, SHM ,1300,1,2022
850000000,Banguntapan,4,3,320,220,2,SHM,2200,2,2023
1750000000,Bantul,4,3,200,180,1, SHM ,2200,2,2010
875000000,Sewon,2,1,131,60,1, HGB ,2200,1,2018
2650000000,Sedayu,6,4,360,360,2, SHM ,5500,1,
425000000,Banguntapan,2,1,75,60,1, SHM ,900,1,2022
1650000000,Banguntapan,5,4,108,180,1, SHM ,2200,2,2015
529000000,Banguntapan,3,2,75,45,1, SHM ,1300,1,
590000000,Sedayu,3,2,190,130,2,SHM,1300,2,2022
482000000,Kasihan,2,1,103,40,1, SHM ,2200,1,2022
510000000,Sedayu,3,2,72,48,1, SHM ,1300,1,2022
839000000,Banguntapan,3,2,90,76,1, SHM ,2200,2,
410000000,Kasihan,3,1,103,54,1, SHM ,1300,1,
1550000000,Banguntapan,4,3,160,150,2, SHM ,2200,2,
372000000,Kasihan,2,1,103,40,, SHM ,1300,1,
280000000,Pandak,2,1,82,45,1, SHM ,1300,1,
3500000000,Kasihan,4,3,225,425,2, SHM ,2200,2,
555000000,Sedayu,3,2,84,64,1, SHM ,2200,2,2021
839000000,Banguntapan,3,2,90,76,1, SHM ,1300,2,
900000000,Plered,,,,,,,,,
482000000,Piyungan,2,1,73,40,, SHM ,,1,
375000000,Pajangan,2,1,82,36,1, HGB ,1300,1,
315000000,Kasihan,2,1,75,40,, SHM ,1300,1,2020
1490000000,Banguntapan,4,3,108,150,, SHM ,2200,2,
673000000,Banguntapan,3,2,104,75,2, SHM ,,1,
1100000000,Sewon,3,2,151,90,2, SHM ,2200,1,2020
750000000,Banguntapan,3,1,151,120,1, SHM ,1300,1,2015
395000000,Banguntapan,2,1,72,36,1, SHM ,1300,1,2022
3100000000,Sewon,8,5,261,292,, SHM ,5500,2,2018
1700000000,Banguntapan,5,4,100,180,1, SHM ,2200,2,
1100000000,Kasihan,3,2,167,80,, HGB ,3300,1,
210000000,Pajangan,2,1,60,39,1, SHM ,1300,1,2022
3100000000,Kasihan,4,4,281,195,2, SHM ,3500,2,
185000000,Pandak,2,1,63,30,1, HGB ,900,1,2022
480000000,Sewon,2,1,90,55,1,SHM,1300,1,2020
560000000,Banguntapan,2,3,63,80,1, SHM ,1300,2,
480000000,Sedayu,2,1,82,50,1, SHM ,1300,1,2018
500000000,Sewon,3,2,80,90,, SHM ,2200,2,
500000000,Plered,1,1,81,75,1, SHM ,2200,1,
595000000,Banguntapan,2,1,81,42,1, SHM ,1300,1,2022
210000000,Pajangan,2,1,36,60,1, SHM ,1300,1,2022
3130000000,Kasihan,4,4,281,195,2, SHM ,3500,2,2022
185000000,Kasihan,2,1,60,30,, HGB ,1300,1,2020
365000000,Kasihan,2,1,163,45,1, HGB ,1300,1,
913000000,Sedayu,3,3,75,120,1, SHM ,2200,3,2022
555000000,Kasihan,2,1,102,45,, SHM ,1300,1,2020
426000000,Sedayu,2,1,90,40,1, HGB ,1300,1,2022
550000000,Bantul,3,2,120,70,1, SHM ,1300,1,2022
750000000,Banguntapan,3,2,84,65,1, HGB ,2200,2,
4500000000,Kasihan,5,3,461,250,, SHM ,3500,1,2016
375000000,Kasihan,2,1,106,55,, SHM ,1300,1,2020
505000000,Sedayu,2,1,109,45,, SHM ,5500,1,
465000000,Sedayu,3,1,78,49,, SHM ,1300,1,
2200000000,Kasihan,18,10,230,350,, SHM ,,2,
275000000,Pandak,2,1,96,45,1, SHM ,900,1,2021
510000000,Kasihan,3,1,98,50,2, SHM ,900,1,2022
620000000,Sedayu,4,2,195,135,2,SHM,2200,1,2020
600000000,Kasihan,3,2,100,85,, SHM ,1300,1,2020
495000000,Sewon,2,1,124,45,5, SHM ,1300,1,2022
425000000,Banguntapan,2,1,75,60,1, SHM ,900,1,2021
350000000,Sewon,2,1,76,45,1, SHM ,1300,1,2022
1200000000,Kasihan,7,6,90,140,1, SHM ,,2,
2200000000,Kasihan,14,14,287,287,1, SHM ,,2,
330000000,Sedayu,2,1,60,36,1, SHM ,1300,1,2022
1100000000,Banguntapan,3,2,91,100,1, SHM ,2200,2,
510000000,Sewon,3,2,130,90,1,SHM,1300,1,2020
890000000,Banguntapan,2,2,96,60,1, SHM ,1300,1,2022
1040000000,Kasihan,3,3,85,100,1, SHM ,2200,2,
500000000,Sewon,12,12,1839,500,, SHM ,7700,1,2013
199000000,Bantul,2,1,60,30,1, HGB ,,1,
948000000,Kasihan,3,2,80,78,1, SHM ,2200,2,2022
385000000,Sedayu,2,1,70,40,2, SHM ,1300,1,2022
425000000,Banguntapan,,,,,,,,,
460000000,Piyungan,3,2,81,40,, SHM ,2200,2,2021
250000000,Bantul,2,1,72,36,1, SHM ,1300,1,2022
380000000,Sewon,2,1,104,45,1, SHM ,1300,1,2022
365000000,Banguntapan,2,1,50,50,1, SHM ,1300,1,
899000000,Banguntapan,3,2,100,60,, SHM ,,2,
980000000,Kasihan,2,2,100,100,2,,,,
465000000,Banguntapan,3,1,50,70,1, SHM ,1300,1,2022
535000000,Kasihan,2,1,110,54,, SHM ,,,
299000000,Sedayu,2,1,72,36,, HGB ,2200,1,
600000000,Imogiri,3,2,90,60,1, SHM ,,1,
950000000,Kasihan,,,,,,,,,
2300000000,Banguntapan,5,4,350,200,, SHM ,3300,2,2014
195000000,Pajangan,2,1,110,30,2, SHM ,900,1,2022
665000000,Banguntapan,3,2,125,80,1, SHM ,,1,
975000000,Banguntapan,3,2,75,130,1, SHM ,2200,2,
520000000,Sewon,3,2,130,90,2,SHM,1300,1,2023
1800000000,Banguntapan,8,5,190,200,4, SHM ,,2,
1700000000,Banguntapan,7,7,222,350,, SHM ,,1,
450000000,Banguntapan,2,1,60,36,1, SHM ,1300,1,2022
1250000000,Banguntapan,2,2,137,100,1, SHM ,2200,1,2005
399000000,Sedayu,2,1,98,36,, SHM ,1300,,
785000000,Kasihan,3,2,83,70,1, SHM ,2200,2,2022
,,,,,,,,,,
350000000,Sewon,2,1,80,50,, SHM ,1300,1,2019
455000000,Banguntapan,3,1,77,60,1, HGB ,1300,1,2022
551000000,Kasihan,2,1,101,45,, SHM ,1300,1,2020
275000000,Sedayu,2,1,70,36,1, SHM ,1300,1,2022
958000000,Kasihan,3,2,82,78,1, SHM ,2200,2,2022
365000000,Sedayu,2,1,96,36,1, SHM ,1300,1,2022
725000000,Kasihan,2,1,90,45,1, SHM ,1300,1,
750000000,Sedayu,4,3,320,220,2,SHM,2200,2,2019
950000000,Sewon,6,4,350,300,3,SHM,3500,3,2022
975000000,Banguntapan,3,2,75,130,1, SHM ,2200,2,
397000000,Sedayu,2,1,85,36,, HGB ,1300,1,
275000000,Sedayu,2,1,108,60,1, SHM ,1300,1,
2500000000,Banguntapan,4,2,413,181,, SHM ,2200,2,1998
785000000,Kasihan,3,2,83,70,, SHM ,,,
805000000,Banguntapan,3,2,88,76,1, SHM ,2200,2,
805000000,Banguntapan,2,1,76,88,, SHM ,1300,1,2022
560000000,Banguntapan,3,2,180,120,1,SHM,1300,1,2021
300000000,Imogiri,2,2,1400,300,, SHM ,3500,1,2019
480000000,Kasihan,2,1,95,45,1, SHM ,1300,1,2022
465000000,Kasihan,2,1,74,46,1, SHM ,1300,1,2022
510000000,Sedayu,2,1,72,48,1, SHM ,1300,1,2022
575000000,Kasihan,2,1,100,50,, SHM ,1300,1,2020
699000000,Banguntapan,3,2,100,85,, SHM ,,1,
364000000,Sedayu,2,1,72,36,, HGB ,1300,1,
445000000,Kasihan,2,1,104,50,1, SHM ,1300,1,
475000000,Jetis,2,1,100,50,1, SHM ,900,1,2022
1090000000,Banguntapan,3,2,91,100,1, SHM ,2200,2,2021
330000000,Sedayu,2,1,60,36,1, SHM ,1300,1,2022
1400000000,Banguntapan,2,2,121,124,1, SHM ,3500,,
2200000000,Banguntapan,8,4,190,200,3, SHM ,,2,
350000000,Sedayu,2,1,96,36,1, SHM ,1300,1,
300000000,Sedayu,,,,,,,,,
750000000,Sedayu,5,3,240,170,2,SHM,3500,2,2023
385000000,Sedayu,2,1,73,40,1, SHM ,1300,1,2022
325000000,Kasihan,2,1,92,40,1, SHM ,1300,1,2022
185000000,Kasihan,2,1,60,30,, HGB ,1300,1,2020
195000000,Plered,2,1,60,30,1, SHM ,1300,1,2022
100000000,Banguntapan,8,2,71,75,1, SHM ,1300,2,
485000000,Kasihan,2,1,87,45,1, SHM ,1300,1,2022
3100000000,Kasihan,4,4,281,195,, SHM ,3500,2,
1470000000,Kasihan,4,2,105,200,, SHM ,7700,2,
450000000,Piyungan,2,2,133,91,1, SHM ,,1,
200000000,Banguntapan,4,3,113,140,1, SHM ,4400,2,2022
550000000,Bantul,2,1,84,45,1, SHM ,1300,1,2022
307000000,Sedayu,2,1,70,36,, SHM ,1300,1,2021
2200000000,Banguntapan,7,5,341,250,, SHM ,2200,,
335000000,Kasihan,2,1,74,36,1, SHM ,1300,1,2022
406000000,Kasihan,2,1,107,36,1, SHM ,1300,1,2022
361000000,Sedayu,2,1,72,36,1, HGB ,1300,1,2022
1890000000,Banguntapan,4,2,130,200,1, SHM ,,2,
199000000,Pandak,2,1,60,30,1, SHM ,900,1,
2500000000,Kasihan,6,3,195,310,, SHM ,2200,2,
330000000,Pajangan,2,1,45,84,1, SHM ,900,1,2022
280000000,Sedayu,2,1,66,32,, SHM ,,,
299000000,Sedayu,2,1,72,36,1, HGB ,2200,1,2022
750000000,Banguntapan,3,2,123,76,1, SHM ,1300,1,2022
390000000,Sedayu,2,1,40,81,1, SHM ,1300,1,2022
1250000000,Banguntapan,4,3,327,154,4, SHM ,1300,1,2015
5500000000,Banguntapan,8,7,734,700,, SHM ,2200,1,2018
200000000,Kasihan,2,1,78,51,1, SHM ,1300,1,2020
1900000000,Kasihan,4,3,166,145,3, SHM ,,2,
2500000000,Kasihan,2,1,150,160,1, SHM ,2200,,
420000000,Kasihan,2,1,103,40,1, SHM ,1300,1,2022
210000000,Pajangan,2,1,60,36,1, SHM ,1300,1,2022
359000000,Bantul,2,1,80,45,1, SHM ,1300,1,2022
350000000,Kasihan,1,1,154,30,1, SHM ,1300,1,2019
776000000,Banguntapan,3,2,88,76,1, SHM ,1300,2,2022
805000000,Banguntapan,3,2,88,76,1, SHM ,1300,2,2022
482000000,Piyungan,2,1,72,40,1, SHM ,1300,1,
280000000,Pandak,2,1,82,42,1, SHM ,1300,1,
2950000000,Banguntapan,16,16,168,320,, HGB ,4400,2,2016
285000000,Pajangan,2,1,72,36,1, SHM ,1300,1,2022
418000000,Sedayu,3,2,66,50,, HGB ,1300,2,2021
380000000,Sedayu,2,1,72,38,1, SHM ,1300,1,2022
495000000,Banguntapan,3,2,50,70,, SHM ,1300,1,2022
3500000000,Kasihan,6,3,1052,300,4, SHM ,,1,
210000000,Pajangan,2,1,60,39,1, SHM ,1300,1,2022
750000000,Banguntapan,3,2,100,85,99, SHM ,1300,1,
982000000,Sewon,2,1,98,50,2, HGB ,1300,1,2022
220000000,Pandak,2,1,60,30,1, HGB ,900,1,2022
510000000,Banguntapan,3,2,175,115,2,SHM,1300,1,2019
2900000000,Bantul,4,4,425,200,3, SHM ,4400,1,
482000000,Piyungan,2,1,72,40,1, SHM ,1300,1,
620000000,Kasihan,3,1,82,52,1, SHM ,900,1,2004
372000000,Kasihan,2,1,103,40,1, SHM ,1300,1,2022
350000000,Sedayu,2,1,96,36,1, SHM ,1300,1,
365000000,Sedayu,2,1,111,85,1, SHM ,1300,1,
700000000,Sewon,,,,,,,,,
2500000000,Kasihan,4,3,150,150,1, SHM ,1300,,
395000000,Sewon,2,1,104,45,1, SHM ,1300,1,2022
460000000,Bantul,2,1,85,55,2,SHM,1300,1,2020
372000000,Kasihan,2,1,103,40,1, SHM ,1300,1,2022
535000000,Kasihan,2,1,110,54,1, SHM ,1300,1,2022
850000000,Banguntapan,3,3,70,110,, SHM ,1300,,
3850000000,Sewon,26,26,350,450,, SHM ,,,
550000000,Bantul,3,2,121,63,, SHM ,900,1,2021
473000000,Sedayu,2,1,91,36,, SHM ,1300,1,2021
675000000,Kasihan,3,2,120,85,1, SHM ,1300,1,2022
375000000,Kasihan,2,1,80,40,1, SHM ,1300,1,2022
395000000,Sedayu,2,1,88,36,, SHM ,1300,1,2021
3130000000,Kasihan,4,4,281,195,1, SHM ,3500,2,2022
890000000,Banguntapan,3,2,104,70,1, SHM ,2200,1,
370000000,Kasihan,2,1,75,45,1, SHM ,1300,1,2022
375000000,Kasihan,2,1,82,45,1, SHM ,1300,1,2022
795000000,Kasihan,3,2,110,70,1, SHM ,2200,2,2022
600000000,Imogiri,2,1,82,48,, SHM ,1300,1,2020
250000000,Pandak,2,1,72,36,1, SHM ,1300,1,2022
1550000000,Banguntapan,4,3,160,150,2, SHM ,2200,2,
3400000000,Sedayu,4,3,252,187,2, SHM ,4400,1,2021
250000000,Pajangan,2,1,72,36,1, SHM ,1300,1,2022
500000000,Kasihan,32,32,417,400,, SHM ,4400,2,2018
530000000,Bantul,3,2,130,90,1,SHM,1300,1,2021
395000000,Banguntapan,2,1,94,45,1, SHM ,1300,1,2022
415000000,Kasihan,2,1,108,45,1, SHM ,1300,1,
730000000,Kasihan,3,2,72,70,1, SHM ,2200,2,2022
270000000,Sedayu,2,1,63,36,, SHM ,1300,1,2021
495000000,Banguntapan,2,1,100,45,, SHM ,,1,
785000000,Kasihan,3,2,83,70,1, SHM ,2200,2,2022
175000000,Pandak,2,1,60,30,, SHM ,1300,1,
1680000000,Kasihan,4,3,160,200,3, HGB ,3500,1,2017
285000000,Pajangan,2,1,72,36,1, SHM ,1300,1,2022
350000000,Sewon,2,1,76,45,1, SHM ,1300,1,2022
490000000,Kasihan,4,2,152,130,, SHM ,1300,1,2022
650000000,Piyungan,2,1,108,55,1, SHM ,1300,1,2022
1200000000,Kasihan,3,2,90,102,, SHM ,2200,2,2016
575000000,Banguntapan,2,2,84,72,, HGB ,2200,1,
900000000,Banguntapan,2,1,112,65,1, SHM ,,1,
1600000000,Kasihan,9,9,112,150,1, SHM ,900,2,
210000000,Pajangan,2,1,60,39,1, SHM ,1300,1,
950000000,Sewon,2,1,110,95,, SHM ,1300,1,2005
450000000,Kasihan,2,1,82,45,, SHM ,900,,
299000000,Sedayu,2,1,72,36,, SHM ,,,
1090000000,Banguntapan,3,2,109,75,1, SHM ,2200,2,
185000000,Pandak,2,1,60,30,1, HGB ,900,1,2022
511000000,Sedayu,3,2,72,48,1, SHM ,1300,1,2022
570000000,Kasihan,3,2,140,95,1,SHM,1300,1,2022
299000000,Sedayu,2,1,72,36,1, HGB ,,1,
475000000,Kasihan,2,1,87,45,1, SHM ,1300,1,
470000000,Banguntapan,2,1,94,45,, SHM ,1300,1,
299000000,Sedayu,2,1,72,36,1, SHM ,1300,1,2022
540000000,Banguntapan,3,2,175,115,1,SHM,1300,1,2020
315000000,Sedayu,3,1,75,45,1, SHM ,1300,1,2022
590000000,Sedayu,3,2,180,120,2,SHM,1300,2,2022
299000000,Sedayu,2,1,72,36,1, SHM ,1300,1,
1400000000,Sewon,3,2,388,200,1, SHM ,2200,2,2021
700000000,Banguntapan,3,2,83,83,1, SHM ,,1,
1300000000,Sewon,3,2,236,300,2, SHM ,1300,,
800000000,Bantul,3,2,270,180,1,SHM,1300,1,2018
375000000,Kasihan,2,1,121,40,, SHM ,1300,1,2018
480000000,Sewon,2,1,90,55,1,SHM,1300,1,2022
839000000,Banguntapan,3,2,90,76,1, SHM ,2200,2,2022
455000000,Sedayu,2,1,79,36,, HGB ,1300,1,2020
299000000,Sedayu,2,1,72,36,1, SHM ,1300,1,2022
650000000,Bantul,2,1,108,55,1, SHM ,,1,
890000000,Kasihan,2,1,93,45,1, SHM ,1300,1,2022
3330000000,Bantul,4,4,281,195,4, SHM ,3500,2,2022
3900000000,Kasihan,20,20,294,500,, SHM ,4400,,
485000000,Kasihan,2,1,90,52,1, SHM ,,1,
340000000,Piyungan,,,,,,,,,
299000000,Sedayu,2,1,91,36,1, SHM ,900,1,2022
3290000000,Kasihan,4,4,281,295,3, SHM ,3500,2,2022
750000000,Sedayu,4,3,320,220,2,SHM,2200,2,2019
399000000,Jetis,2,1,107,45,1, SHM ,900,1,2021
299000000,Sedayu,2,1,72,36,1, SHM ,1300,1,
600000000,Kasihan,3,3,925,500,, SHM ,8000,1,
4750000000,Banguntapan,7,6,740,450,, SHM ,,,
195000000,Plered,2,1,60,30,1, HGB ,1300,1,2022
975000000,Bantul,3,3,100,80,, SHM ,1300,1,2019
415000000,Sewon,2,1,88,45,1, SHM ,,1,
1100000000,Banguntapan,3,2,91,100,1, SHM ,2200,2,2022
230000000,Bantul,2,1,60,36,1, SHM ,1300,1,2022
2900000000,Bantul,,,,,,,,,
3100000000,Kasihan,4,4,281,195,2, SHM ,3500,2,
1350000000,Banguntapan,3,2,103,132,1, SHM ,,,2006
325000000,Pajangan,2,1,80,45,1, SHM ,1300,1,2022
395000000,Banguntapan,2,1,45,94,1, SHM ,1300,1,
315000000,Sedayu,3,1,86,45,1, SHM ,1300,1,2022
470000000,Banguntapan,3,2,100,70,2,SHM,1300,1,2019
372000000,Kasihan,2,1,103,40,, SHM ,1300,1,
359000000,Sedayu,2,1,78,40,, SHM ,1300,1,
1700000000,Sewon,9,6,190,190,2, SHM ,3300,1,2019
482000000,Piyungan,2,1,72,40,1, SHM ,1300,1,2022
700000000,Banguntapan,3,2,68,68,1, SHM ,900,1,2010
380000000,Kasihan,3,1,150,55,1, SHM ,900,1,
550000000,Banguntapan,2,1,78,50,1, SHM ,,1,
700000000,Imogiri,2,2,130,70,, SHM ,2200,1,
730000000,Kasihan,3,1,72,70,1, SHM ,1300,2,2022
345000000,Banguntapan,2,1,60,36,1, SHM ,,1,
365000000,Kasihan,2,1,163,45,1, HGB ,1300,1,
200000000,Kasihan,10,10,117,227,1, SHM ,900,2,2020
3100000000,Kasihan,4,4,281,195,2, SHM ,3500,2,2022
450000000,Sewon,2,1,131,72,2, SHM ,900,1,
585000000,Banguntapan,2,1,73,41,1, HGB ,1300,1,
400000000,Kasihan,5,3,461,250,3, SHM ,8000,1,
395000000,Banguntapan,2,1,72,36,1, SHM ,1300,1,2022
1150000000,Bantul,2,1,63,70,1, SHM ,1300,2,2014
365000000,Kasihan,2,1,77,36,, SHM ,1300,1,2020
550000000,Banguntapan,2,1,87,45,1, SHM ,1300,1,
184000000,Kasihan,2,1,60,30,1, SHM ,1300,1,2022
275000000,Sedayu,2,1,70,36,1, SHM ,1300,1,2022
465000000,Banguntapan,2,1,81,55,, SHM ,1300,1,
650000000,Kasihan,3,2,115,85,, SHM ,1300,2,
368000000,Sedayu,2,1,99,45,1, SHM ,1300,1,2022
299000000,Sedayu,2,1,72,36,1, SHM ,1300,1,2022
500000000,Sedayu,2,1,109,45,1, HGB ,,1,
249000000,Pandak,2,1,72,36,1, SHM ,1300,1,2022
1450000000,Kasihan,6,6,130,130,, SHM ,,1,
470000000,Banguntapan,2,1,94,45,1, SHM ,1300,1,2022
395000000,Banguntapan,2,1,72,36,1, SHM ,1300,1,2022
298000000,Sedayu,2,1,96,36,1, SHM ,1300,1,2022
395000000,Banguntapan,2,1,72,36,1, SHM ,1300,1,2022
399000000,Bantul,2,1,110,45,1, SHM ,900,1,2022
800000000,Imogiri,3,2,89,80,, SHM ,2200,2,2020
1980000000,Banguntapan,,,,,,,,,
399000000,Kasihan,2,1,72,36,, SHM ,1300,1,2022
570000000,Bantul,3,2,160,110,2,SHM,1300,1,2021
375000000,Kasihan,2,1,121,70,, SHM ,900,1,2015
250000000,Sedayu,2,1,60,30,1, SHM ,1300,1,2022
365000000,Kasihan,2,1,77,36,, SHM ,1300,1,2020
545000000,Kasihan,2,1,54,110,, SHM ,,,
250000000,Sedayu,2,1,76,50,1, SHM ,1300,1,2022
400000000,Kretek,5,10,600,400,3, SHM ,,2,
3500000000,Kasihan,6,3,1052,300,4, SHM ,2200,1,2017
430000000,Bantul,2,1,93,43,, SHM ,1300,1,2022
931000000,Sedayu,3,3,75,120,1, SHM ,2200,3,2022
1350000000,Imogiri,3,3,135,95,, SHM ,2200,2,2015
1350000000,Kasihan,,,,,,,,,
210000000,Pajangan,2,1,60,39,1, HGB ,1300,1,2022
510000000,Sedayu,3,2,72,48,1, SHM ,1300,1,
850000000,Banguntapan,3,2,99,65,, SHM ,2200,1,2020
475000000,Kasihan,3,1,83,44,1, SHM ,900,1,2022
890000000,Sewon,3,2,147,100,2, SHM ,2200,1,2015
280000000,Pandak,2,1,82,45,1, SHM ,1300,1,
350000000,Bambanglipuro,4,1,151,114,1, SHM ,1300,1,2019
295000000,Sedayu,1,1,120,92,1, SHM ,1300,,
2250000000,Banguntapan,4,4,130,160,2, SHM ,4400,2,
495000000,Imogiri,2,1,71,50,1, SHM ,1300,1,
839000000,Bantul,3,2,76,90,1, SHM ,2200,2,2022
315000000,Bantul,2,1,75,45,1, SHM ,1300,1,2022
320000000,Kasihan,2,1,70,36,1, SHM ,1300,1,2022
482000000,Piyungan,2,1,72,40,1, SHM ,1300,1,
750000000,Sewon,4,3,133,110,1, SHM ,,2,
317000000,Sedayu,3,1,78,45,1, SHM ,1300,1,2022
350000000,Bambanglipuro,4,1,151,114,1, SHM ,1300,1,2019
850000000,Banguntapan,3,1,75,70,, SHM ,1300,1,
360000000,Bantul,2,1,86,45,1, SHM ,1300,1,2022
1700000000,Banguntapan,5,4,100,180,, SHM ,,,
750000000,Sewon,2,1,80,65,1, SHM ,1300,2,2022
330000000,Sedayu,2,1,64,36,, SHM ,1300,1,2021
335000000,Bantul,2,1,80,45,2, SHM ,1300,1,2022
776000000,Banguntapan,,,,,,,,,
890000000,Banguntapan,2,2,96,60,1, SHM ,1300,1,2022
220000000,Pandak,2,1,60,30,1, SHM ,900,1,
499000000,Kasihan,2,1,91,45,1, SHM ,1300,1,2022
585000000,Banguntapan,2,1,80,45,1, SHM ,1300,1,
839000000,Banguntapan,3,2,90,76,1, SHM ,2200,2,2022
2500000000,Banguntapan,9,6,300,250,, SHM ,1300,1,2016
275000000,Sedayu,2,1,68,36,, SHM ,1300,1,2021
750000000,Kasihan,2,2,150,65,, SHM ,,,
2250000000,Banguntapan,4,3,130,160,1, SHM ,4400,,
423000000,Sedayu,3,1,135,45,1, SHM ,1300,1,
1750000000,Kasihan,5,4,140,227,1, SHM ,2200,,
750000000,Banguntapan,3,2,84,65,1, SHM ,1300,2,
899000000,Banguntapan,2,2,96,66,1, SHM ,1300,2,
390000000,Sedayu,2,1,100,45,1, SHM ,1300,1,2022
350000000,Kasihan,2,1,80,45,1, SHM ,1300,1,2022
665000000,Banguntapan,3,2,125,80,1, SHM ,1300,1,2021
550000000,Sewon,2,1,45,87,1, SHM ,1300,1,
839000000,Banguntapan,3,2,90,76,1, SHM ,2200,2,
750000000,Sedayu,4,3,320,220,2,SHM,2200,2,2019
710000000,Banguntapan,4,3,200,150,2,SHM,2200,2,2023
750000000,Banguntapan,3,2,84,65,1, SHM ,1300,2,2022
362000000,Kasihan,2,1,110,36,1, SHM ,1300,1,
530000000,Kasihan,3,2,140,100,1,SHM,900,1,2020
199000000,Bantul,2,1,60,30,, HGB ,900,1,
795000000,Sedayu,3,2,110,70,1, SHM ,1300,2,2022
710000000,Banguntapan,4,3,220,160,2,SHM,2200,2,2023
1600000000,Kasihan,9,9,112,150,1, SHM ,,2,
408000000,Sedayu,2,1,81,40,1, SHM ,1300,1,
1550000000,Banguntapan,3,3,120,90,1, SHM ,2200,1,2022
426000000,Sedayu,2,2,90,40,1, SHM ,1300,1,
300000000,Bantul,2,1,60,36,1, SHM ,1300,1,2022
1040000000,Banguntapan,2,2,95,72,, SHM ,,,
850000000,Kasihan,5,4,340,250,2,SHM,2200,3,2020
345000000,Kasihan,2,1,72,36,1, SHM ,1300,1,2022
670000000,Banguntapan,3,2,75,104,1, SHM ,1300,1,
630000000,Sedayu,3,2,70,75,2, SHM ,2200,2,2021
1200000000,Bantul,,,,,,,,,
385000000,Banguntapan,2,1,70,45,2,SHM,1300,1,2022
365000000,Sewon,2,1,78,40,1, SHM ,1300,1,2022
475000000,Banguntapan,2,1,68,45,1, SHM ,1300,1,
1050000000,Banguntapan,4,3,112,100,1, SHM ,2200,2,2018
467000000,Kasihan,2,1,88,36,, HGB ,,1,
750000000,Banguntapan,3,2,123,76,1, SHM ,1300,1,2022
495000000,Sewon,2,1,124,45,5, SHM ,1300,1,2022
500000000,Kasihan,2,1,91,45,1, SHM ,1300,1,2018
480000000,Kasihan,2,1,95,45,1, SHM ,1300,1,2022
700000000,Banguntapan,4,3,300,200,2,SHM,2200,2,2021
600000000,Piyungan,3,2,96,65,1, SHM ,1300,1,2022
784000000,Kasihan,3,2,80,70,1, SHM ,1300,2,2022
495000000,Kasihan,2,1,87,45,1, SHM ,1300,1,2022
495000000,Kasihan,3,1,100,45,, SHM ,1300,1,2021
1650000000,Banguntapan,3,2,400,150,, SHM ,1300,1,2016
850000000,Kasihan,5,4,340,250,2,SHM,2200,3,2020
230000000,Bantul,2,1,60,36,, HGB ,,,
375000000,Sewon,2,1,81,45,1, SHM ,1300,1,2022
390000000,Sedayu,2,1,103,45,1, SHM ,1300,1,2022
368000000,Kasihan,2,1,78,36,, SHM ,1300,1,2020
315000000,Pajangan,2,1,80,50,, SHM ,900,1,2021
367000000,Kasihan,2,2,79,37,1, SHM ,1300,1,2022
427000000,Kasihan,3,1,110,54,1, SHM ,1300,1,
350000000,Sewon,2,1,75,45,1, SHM ,1300,1,
100000000,Kasihan,3,2,80,78,1, SHM ,2200,2,
310000000,Sewon,2,1,78,40,, SHM ,1300,1,2020
2060000000,Kasihan,3,2,96,95,, HGB ,2200,2,2018
749000000,Banguntapan,3,2,86,65,1, SHM ,2200,2,2022
210000000,Pajangan,2,1,60,39,1, SHM ,1300,1,2022
950000000,Kasihan,5,2,173,135,, SHM ,900,,
890000000,Banguntapan,2,2,96,60,1, SHM ,1300,1,2022
465000000,Banguntapan,3,1,50,70,1, SHM ,1300,2,2022
9500000000,Sewon,5,4,1402,600,, SHM ,2200,,
355000000,Bantul,2,1,81,45,1, SHM ,1300,1,2022
350000000,Kasihan,2,1,75,45,1, SHM ,1300,1,2022
2150000000,Banguntapan,,,,,,,,,
3200000000,Kasihan,4,4,291,195,1, SHM ,3500,2,2022
355000000,Sedayu,2,1,72,36,1, SHM ,1300,1,2022
540000000,Sewon,3,2,130,90,1,SHM,1300,1,2020
410000000,Banguntapan,2,1,82,50,1, SHM ,1300,1,
1500000000,Banguntapan,3,3,441,150,, SHM ,,1,
1750000000,Kasihan,9,10,109,118,1, SHM ,3500,2,
485000000,Sedayu,2,1,79,36,1, SHM ,1300,1,2022
510000000,Bantul,3,1,72,48,1, SHM ,1300,1,2022
640000000,Sewon,4,2,190,130,2,SHM,2200,1,2021
513000000,Sedayu,3,2,72,48,1, SHM ,1300,1,2021
285000000,Pajangan,2,1,72,36,1, SHM ,,1,
1350000000,Sewon,3,3,110,100,, HGB ,2200,,
550000000,Banguntapan,,,,,,,,,
275000000,Sedayu,2,1,82,36,2, SHM ,1300,1,2021
455000000,Kasihan,2,1,91,45,, SHM ,1300,1,2021
100000000,Kasihan,4,1,175,175,1, SHM ,900,1,
1100000000,Sedayu,3,3,92,120,1, SHM ,1300,,
195000000,Dlingo,,,,,,,,,
350000000,Kasihan,2,1,76,45,, SHM ,1300,1,
800000000,Bantul,3,2,270,180,1,SHM,1300,1,2018
470000000,Kasihan,2,1,100,70,1,SHM,900,1,2019
435000000,Sedayu,3,2,105,45,1, SHM ,1300,1,2022
1350000000,Banguntapan,2,1,386,100,, SHM ,,,
500000000,Banguntapan,2,1,100,65,, SHM ,1300,1,2021
1750000000,Kasihan,9,10,109,118,1, SHM ,3500,2,
399000000,Jetis,2,1,107,45,1, SHM ,900,1,2021
947000000,Kasihan,3,2,80,78,1, SHM ,2200,2,
417000000,Sedayu,2,1,72,40,1, SHM ,1300,1,2022
750000000,Kasihan,2,1,90,45,, HGB ,1300,,
375000000,Kasihan,2,1,90,36,, SHM ,,,
390000000,Sedayu,2,1,111,45,1, SHM ,1300,1,
795000000,Sedayu,3,2,110,70,1, SHM ,1300,2,2022
400000000,Banguntapan,2,2,90,40,1, SHM ,1300,1,
380000000,Kasihan,2,1,80,45,1, SHM ,900,1,2022
270000000,Sedayu,2,1,74,36,1, SHM ,1300,1,2022
295000000,Bantul,2,1,73,36,1, SHM ,1300,1,
285000000,Pajangan,2,1,72,36,1, SHM ,,1,
1800000000,Kasihan,18,18,210,272,, SHM ,2200,2,2018
198000000,Plered,2,1,60,48,, HGB ,1300,1,2020
382000000,Kasihan,2,1,70,36,, HGB ,1300,1,2020
414000000,Kasihan,2,1,93,40,1, SHM ,1300,1,2022
485000000,Piyungan,2,1,83,52,1, SHM ,,1,
1090000000,Banguntapan,3,2,109,75,1, SHM ,2200,2,
425000000,Bantul,2,1,93,45,1, SHM ,900,1,2022
395000000,Sedayu,2,1,72,36,, SHM ,1300,1,2022
226000000,Pandak,2,1,60,36,1, SHM ,1300,1,2022
890000000,Kasihan,2,1,93,65,1, SHM ,1300,1,
390000000,Sedayu,2,1,102,45,1, SHM ,1300,1,2022
,,,,,,,,,,
1750000000,Kasihan,3,2,131,131,, SHM ,2200,1,2017
185000000,Sedayu,2,1,60,30,1, SHM ,1300,1,
299000000,Sedayu,2,1,72,36,1, HGB ,2200,1,2022
460000000,Bantul,2,1,95,65,1,SHM,1300,1,2020
947000000,Kasihan,3,2,80,78,1, SHM ,2200,2,2022
415000000,Sedayu,3,1,79,49,1, SHM ,1300,1,2020
470000000,Banguntapan,2,1,94,45,1, SHM ,1300,1,
435000000,Banguntapan,2,1,140,105,, SHM ,,1,
450000000,Sewon,2,1,80,45,1, SHM ,1300,1,2022
1020000000,Kasihan,3,2,95,83,1, SHM ,2200,2,2022
1090000000,Banguntapan,3,2,91,100,1, SHM ,2200,2,
255000000,Pajangan,2,1,60,30,1, SHM ,1300,1,
1550000000,Banguntapan,3,3,120,90,, SHM ,2200,2,
375000000,Sedayu,2,1,88,36,1, SHM ,1300,1,2022
656000000,Sedayu,3,2,107,48,1, SHM ,2200,1,2022
1750000000,Kasihan,3,2,131,131,1, SHM ,2200,1,2015
445000000,Banguntapan,3,1,77,60,1, SHM ,900,1,2017
947000000,Kasihan,3,2,78,80,1, SHM ,2200,2,
610000000,Sedayu,4,3,170,120,2,SHM,2200,2,2021
2700000000,Banguntapan,5,3,400,300,1, SHM ,16500,1,
1900000000,Kasihan,4,3,166,145,2, SHM ,2200,2,2022
1900000000,Kasihan,4,3,166,145,2, SHM ,2200,1,2019
2200000000,Kasihan,14,14,287,287,1, SHM ,,1,
358000000,Kasihan,2,1,89,36,1, SHM ,1300,1,2022
300000000,Sedayu,2,1,60,36,1, SHM ,1300,1,2022
499000000,Kasihan,2,2,71,50,, SHM ,2200,1,2016
385000000,Sedayu,2,1,73,40,1, SHM ,1300,1,2022
839000000,Banguntapan,3,2,88,76,1, SHM ,,2,
1200000000,Kasihan,3,2,137,90,1, SHM ,1300,2,2021
725000000,Banguntapan,2,2,132,100,, SHM ,1300,1,
500000000,Kasihan,2,1,91,45,1, SHM ,1300,1,2022
890000000,Bantul,2,2,96,60,1, SHM ,1300,1,2022
380000000,Kasihan,2,1,83,45,1, SHM ,1300,1,2022
975000000,Banguntapan,3,2,80,65,1, SHM ,1300,2,
199000000,Bantul,2,1,60,30,1, SHM ,900,1,2022
185000000,Kasihan,2,1,60,30,, HGB ,1300,1,2020
275000000,Sedayu,2,1,70,36,1, SHM ,1300,1,
425000000,Sedayu,2,1,106,45,1, SHM ,1300,1,2022
365000000,Bantul,2,1,90,45,1, SHM ,900,1,2022
659000000,Banguntapan,3,2,76,65,1, SHM ,1300,2,2022
785000000,Kasihan,3,2,83,70,1, SHM ,2200,2,2022
550000000,Banguntapan,2,1,90,45,1, SHM ,1300,1,2022
210000000,Pajangan,2,1,60,39,1, HGB ,1300,1,2022
482000000,Piyungan,2,1,74,40,1, SHM ,1300,1,
585000000,Banguntapan,2,1,80,45,1, SHM ,1300,1,
825000000,Banguntapan,2,1,104,50,, SHM ,1300,1,
395000000,Banguntapan,2,1,75,50,1,SHM,1300,1,2022
455000000,Banguntapan,2,1,75,55,1, SHM ,1300,1,2022
860000000,Sewon,5,4,340,250,2,SHM,2200,3,2023
550000000,Banguntapan,3,1,93,60,, SHM ,1300,,
499000000,Kasihan,2,1,83,54,1, SHM ,1300,1,2022
363000000,Sedayu,2,1,80,36,1, SHM ,1300,1,2022
345000000,Kasihan,2,1,73,36,1, SHM ,,1,
350000000,Sewon,2,1,80,45,, SHM ,1300,1,
1400000000,Banguntapan,,,,,,,,,
2750000000,Banguntapan,4,5,289,200,1, SHM ,,,2017
1090000000,Bantul,3,2,100,91,1, SHM ,2200,2,2021
470000000,Banguntapan,2,1,94,45,1, SHM ,1300,1,
535000000,Kasihan,3,2,110,54,, SHM ,,,
1610000000,Kasihan,3,3,120,110,1, SHM ,2200,2,
363000000,Sedayu,2,1,80,36,1, SHM ,1300,1,
430000000,Banguntapan,2,1,93,45,1, SHM ,1300,1,2022
785000000,Kasihan,3,2,83,70,1, SHM ,2200,2,2022
255000000,Pajangan,2,1,60,30,1, SHM ,1300,1,2022
415000000,Sedayu,3,1,75,49,1, SHM ,1300,1,2021
698000000,Sedayu,2,1,105,50,, HGB ,2200,1,2021
435000000,Sedayu,3,2,126,45,1, SHM ,1300,1,2022
350000000,Sedayu,2,1,82,46,1, SHM ,900,1,2022
1200000000,Kasihan,2,1,132,52,, SHM ,1300,1,2018
1050000000,Kasihan,3,2,96,86,1, SHM ,1300,2,2022
720000000,Sedayu,4,3,220,160,2,SHM,2200,2,2022
900000000,Banguntapan,29,29,547,650,2, SHM ,900,2,2018
900000000,Sewon,,,,,,,,,
3100000000,Kasihan,4,4,317,195,2, SHM ,3500,2,2022
420000000,Banguntapan,2,1,91,55,1, SHM ,1300,1,2017
575000000,Sewon,3,2,48,96,1, SHM ,2200,2,2018
500000000,Banguntapan,2,1,65,45,, SHM ,,,2017
650000000,Kasihan,4,3,140,80,, SHM ,1300,2,2019
355000000,Piyungan,1,1,67,55,1, SHM ,900,1,
805000000,Banguntapan,3,2,88,76,1, SHM ,2200,2,2022
2500000000,Banguntapan,3,2,130,180,, SHM ,3500,,
385000000,Bantul,2,1,76,45,1, SHM ,1300,1,2022
485000000,Piyungan,2,1,74,40,1, SHM ,1300,1,2022
1270000000,Banguntapan,3,2,91,100,1, SHM ,2200,2,2022
947000000,Kasihan,3,2,80,78,1, SHM ,2200,1,
230000000,Bantul,2,1,60,30,1, SHM ,1300,1,2022
488000000,Sedayu,2,1,75,42,1, SHM ,1300,1,
245000000,Bantul,2,1,60,30,1, SHM ,900,1,
363000000,Bantul,2,1,80,36,1, SHM ,1300,1,2022
550000000,Sedayu,3,1,100,49,1, SHM ,1300,1,
1740000000,Kasihan,9,10,109,118,2, SHM ,3500,1,2020
499000000,Kasihan,2,1,95,50,1, SHM ,1300,1,
560000000,Banguntapan,,,,,,,,,
800000000,Bantul,3,2,270,180,1,SHM,1300,1,2018
5500000000,Banguntapan,10,7,475,250,, SHM ,3500,,
560000000,Banguntapan,3,1,120,90,1,SHM,1300,1,2021
776000000,Banguntapan,3,2,88,76,1, SHM ,1300,2,2022
480000000,Sedayu,2,1,84,45,, SHM ,1300,1,2020
310000000,Sewon,2,1,78,40,, SHM ,1300,1,2020
610000000,Bantul,4,3,200,150,1,SHM,2200,2,2022
546000000,Kasihan,2,1,90,50,, SHM ,1300,1,2020
1500000000,Kasihan,3,2,150,100,1, SHM ,2200,2,
2700000000,Bantul,3,3,129,202,, SHM ,2200,,
500000000,Kasihan,2,1,95,45,1, SHM ,1300,1,2022
199000000,Bantul,2,1,60,30,1, SHM ,1300,1,2022
450000000,Banguntapan,2,1,95,60,1,SHM,1300,1,2020
600000000,Sewon,3,2,112,120,1, SHM ,1300,2,2022
900000000,Banguntapan,6,4,350,280,3,SHM,3500,3,2023
435000000,Kasihan,2,1,87,45,, SHM ,1300,1,2020
375000000,Sewon,2,1,81,45,1, SHM ,1300,1,2022
200000000,Banguntapan,5,6,130,160,1, SHM ,6600,2,
575000000,Sedayu,2,2,140,100,, SHM ,1300,1,2022
1270000000,Banguntapan,3,2,91,101,, SHM ,2200,2,2022
360000000,Sedayu,3,1,100,45,, SHM ,1300,1,
470000000,Banguntapan,2,1,94,45,1, SHM ,1300,1,2022
270000000,Sedayu,2,1,74,36,, HGB ,1300,1,
533000000,Sedayu,2,1,120,40,, HGB ,1300,1,
280000000,Pandak,2,1,82,45,1, SHM ,1300,1,2022
450000000,Banguntapan,2,1,72,50,, SHM ,,1,
385000000,Piyungan,2,1,84,43,10, SHM ,1300,1,
506000000,Banguntapan,3,2,84,62,, HGB ,2200,2,2022
455000000,Banguntapan,2,1,75,55,1, SHM ,1300,1,2022
2100000000,Kasihan,4,3,185,150,, HGB ,3500,,
250000000,Bantul,2,1,45,77,1, SHM ,900,1,2021
429000000,Sedayu,2,1,100,42,, SHM ,1300,,
450000000,Banguntapan,2,1,60,36,1, SHM ,1300,1,2022
363000000,Sedayu,2,1,80,36,1, SHM ,1300,1,2022
440000000,Sewon,2,1,80,45,1,SHM,1300,1,2022
475000000,Piyungan,2,1,108,55,1, SHM ,1300,1,2022
397000000,Sedayu,2,1,72,45,, SHM ,1300,,2021
490000000,Sedayu,3,1,100,70,2,SHM,1300,1,2023
200000000,Banguntapan,5,6,200,220,1, SHM ,2200,2,2018
315000000,Bantul,2,1,75,45,1, SHM ,900,1,2022
975000000,Banguntapan,4,3,115,100,1, SHM ,2200,1,2015
500000000,Kasihan,2,1,83,54,1, SHM ,1300,1,2022
1270000000,Banguntapan,3,2,91,100,1, SHM ,2200,2,2022
750000000,Banguntapan,3,2,84,65,, SHM ,2200,,
425000000,Imogiri,2,1,75,60,1, SHM ,900,1,
2600000000,Banguntapan,6,3,300,223,, SHM ,,2,
100000000,Kasihan,3,1,196,70,, SHM ,1300,1,2015
807000000,Sedayu,2,1,105,50,1, SHM ,1300,1,2022
335000000,Kasihan,2,1,75,40,1, SHM ,1300,1,
285000000,Pajangan,2,1,72,36,1, SHM ,1300,1,2022
900000000,Banguntapan,6,4,350,280,3,SHM,3500,3,2023
749000000,Banguntapan,3,2,160,90,1, SHM ,1300,1,2022
485000000,Banguntapan,2,1,75,48,1, SHM ,,1,
200000000,Pandak,2,1,90,42,1, SHM ,1300,1,2022
980000000,Kasihan,3,2,104,91,1, SHM ,,,
585000000,Banguntapan,2,1,73,41,1, HGB ,1300,1,
5500000000,Sewon,3,3,222,370,, SHM ,3300,2,2019
406000000,Sedayu,3,1,126,45,1, SHM ,1300,1,2022
1150000000,Sewon,3,2,120,119,, SHM ,,1,
320000000,Kasihan,2,1,72,36,1, SHM ,1300,1,
1700000000,Sewon,4,3,108,104,1, SHM ,2200,2,2019
230000000,Bantul,2,1,60,36,1, SHM ,1300,1,2022
385000000,Sedayu,2,1,73,40,1, SHM ,1300,1,2022
473000000,Sedayu,2,1,91,36,1, SHM ,1300,1,
482000000,Bantul,2,1,73,40,1, SHM ,1300,1,2022
350000000,Sewon,1,,75,40,, SHM ,,,
460000000,Sedayu,2,1,99,50,1, SHM ,1300,2,2018
2600000000,Banguntapan,5,4,350,688,, SHM ,,1,
950000000,Banguntapan,3,2,200,230,, SHM ,,1,
850000000,Banguntapan,3,3,102,100,1, SHM ,1300,2,2022
185000000,Bantul,2,1,63,30,1, HGB ,900,1,2022
175000000,Pandak,2,1,72,36,1, SHM ,1300,1,
550000000,Sewon,2,1,88,50,1, SHM ,1300,1,2022
363000000,Sedayu,3,1,102,45,, SHM ,1300,1,
300000000,Kasihan,20,20,250,300,, SHM ,24000,3,2020
350000000,Sewon,2,1,80,45,, SHM ,900,1,2020
425000000,Banguntapan,3,1,70,60,1, SHM ,,1,
1600000000,Kasihan,3,3,110,110,1, SHM ,2200,2,
470000000,Banguntapan,3,2,100,70,1,SHM,1300,1,2023
2150000000,Banguntapan,4,2,220,125,, SHM ,2200,1,2017
850000000,Banguntapan,3,2,102,90,1, SHM ,1300,2,2022
1700000000,Banguntapan,5,4,100,180,1, SHM ,2200,2,
750000000,Bantul,4,3,133,110,, SHM ,,2,
300000000,Kasihan,4,4,350,250,, SHM ,2200,2,2016
480000000,Kasihan,2,1,95,45,1, SHM ,1300,1,
489000000,Sedayu,2,1,80,36,1, SHM ,1300,1,
275000000,Sedayu,2,1,70,36,1, SHM ,1300,1,2022
1450000000,Banguntapan,3,2,136,100,1, SHM ,2200,2,2022
580000000,Bantul,3,2,180,120,1,SHM,1300,1,2020
435000000,Kasihan,2,1,97,54,1, SHM ,1300,1,2022
280000000,Pandak,2,1,82,45,1, SHM ,1300,1,
240000000,Banguntapan,2,1,75,50,1,SHM,1300,1,2020
375000000,Bantul,2,,82,36,, SHM ,,1,
750000000,Sewon,2,1,80,65,1, SHM ,1300,2,2022
980000000,Kasihan,3,2,117,85,2, SHM ,1300,2,2022
345000000,Sedayu,2,1,72,36,1, SHM ,1300,1,2022
1270000000,Banguntapan,3,2,100,91,, SHM ,,,
1400000000,Bantul,4,2,253,300,, SHM ,2200,2,2016
275000000,Jetis,2,1,76,36,, SHM ,1300,1,2018
345000000,Sedayu,2,1,80,36,1, SHM ,1300,1,2022
315000000,Pajangan,2,1,80,50,, SHM ,900,1,2020
950000000,Banguntapan,6,4,204,150,, SHM ,900,,
275000000,Sedayu,2,1,70,36,1, SHM ,1300,1,
399000000,Kasihan,3,1,90,60,1, SHM ,900,1,
550000000,Banguntapan,2,1,87,45,1, SHM ,1300,1,
520000000,Bantul,3,2,170,110,1,SHM,1300,1,2020
1700000000,Kasihan,4,2,109,200,, SHM ,2200,2,2022
700000000,Imogiri,3,1,189,150,, SHM ,900,,2012
350000000,Kasihan,2,1,75,45,1, SHM ,1300,1,
605000000,Sedayu,3,2,70,75,, SHM ,,2,
983000000,Sewon,2,1,99,51,2, HGB ,1300,1,2021
465000000,Kasihan,2,1,99,45,, SHM ,1300,1,2020
600000000,Kasihan,1,1,161,100,, SHM ,900,1,2015
800000000,Banguntapan,4,3,300,200,2,SHM,2200,2,2021
270000000,Sedayu,2,1,74,36,1, HGB ,1300,1,
455000000,Banguntapan,2,1,75,55,, SHM ,,1,
354000000,Bantul,2,1,71,36,1, SHM ,1300,1,2022
270000000,Sedayu,2,1,74,36,, SHM ,1300,1,2022
850000000,Banguntapan,3,2,233,130,1, SHM ,1300,1,
1550000000,Banguntapan,3,3,120,90,1, SHM ,2200,2,2022
800000000,Kasihan,2,1,120,74,1, SHM ,1300,1,
540000000,Bantul,3,2,140,100,2,SHM,1300,1,2021
430000000,Sedayu,2,1,80,50,2,SHM,900,1,2020
4500000000,Sewon,,,,,,,,,
529000000,Banguntapan,2,1,75,45,1, SHM ,1300,1,2022
475000000,Bantul,2,1,70,50,1, SHM ,1300,1,2022
2100000000,Sewon,4,3,120,130,2, HGB ,2200,,
375000000,Kasihan,2,1,82,45,1, SHM ,1300,1,2022
250000000,Pajangan,2,1,72,36,1, SHM ,,1,
650000000,Sewon,2,1,90,40,1, SHM ,1300,1,2014
570000000,Sedayu,2,1,131,60,1, SHM ,1300,2,2017
250000000,Bantul,2,1,77,45,1, SHM ,900,1,2022
495000000,Sedayu,2,1,118,45,2, SHM ,1300,1,2022
850000000,Kasihan,5,4,340,250,2,SHM,2200,3,2020
1700000000,Banguntapan,5,3,200,137,2, SHM ,,2,
865000000,Kasihan,2,1,111,58,2, HGB ,1300,1,2015
2250000000,Banguntapan,4,5,130,160,1, SHM ,4400,2,
490000000,Kasihan,2,1,100,65,1,SHM,900,1,2021
890000000,Banguntapan,2,2,96,60,1, SHM ,1300,1,2022
499000000,Sedayu,3,1,84,52,1, SHM ,1300,1,2021
184000000,Kasihan,2,1,60,30,1, SHM ,1300,1,
175000000,Bantul,2,1,60,30,1, SHM ,1300,1,2022
300000000,Piyungan,4,3,630,450,4, SHM ,5500,1,2019
1750000000,Kasihan,9,10,109,118,1, SHM ,3500,2,2022
450000000,Banguntapan,2,1,71,50,, SHM ,,1,
580000000,Bantul,3,2,150,105,2,SHM,1300,1,2021
335000000,Sedayu,2,1,95,36,1, SHM ,1300,1,2022
500000000,Bantul,3,2,80,80,, SHM ,2200,2,2020
2200000000,Kasihan,4,3,150,225,, SHM ,2200,2,2016
890000000,Banguntapan,2,2,96,60,1, SHM ,1300,1,2022
1500000000,Kasihan,10,10,157,157,, SHM ,4400,1,2012
789000000,Banguntapan,3,3,112,100,1, SHM ,,1,
465000000,Banguntapan,3,1,50,70,1, SHM ,1300,1,2022
230000000,Bantul,2,1,60,36,1, SHM ,1300,1,2022
199000000,Pandak,2,1,30,60,1, HGB ,900,1,2022
1400000000,Sewon,4,3,132,129,2, SHM ,2200,1,
1100000000,Banguntapan,3,2,91,100,1, SHM ,2200,2,2022
470000000,Plered,2,1,91,40,1, SHM ,,1,
550000000,Sewon,2,1,87,45,1, SHM ,1300,1,2022
750000000,Banguntapan,3,2,100,85,1, SHM ,1300,1,2020
1100000000,Bantul,3,2,100,91,, SHM ,2200,2,2022
310000000,Sewon,2,1,78,40,, SHM ,1300,1,2020
345000000,Banguntapan,2,1,61,45,, SHM ,,,2017
560000000,Bantul,3,2,130,90,2,SHM,1300,1,2022
318000000,Sedayu,,,,,,,,,
482000000,Piyungan,2,1,73,45,1, SHM ,1300,1,2022
1200000000,Kasihan,3,2,125,160,, SHM ,2200,2,2014
849000000,Banguntapan,3,2,104,100,1, SHM ,,2,
6200000000,Kasihan,4,4,675,500,2, SHM ,3300,2,2016
345000000,Sedayu,2,1,72,36,1, SHM ,1300,1,2022
1610000000,Kasihan,3,3,120,110,1, SHM ,2200,2,
510000000,Sedayu,3,2,72,48,1, SHM ,1300,1,
1460000000,Kasihan,3,2,86,86,, HGB ,2200,2,2021
1450000000,Kasihan,3,2,145,115,1, SHM ,2200,2,2019
550000000,Kasihan,3,2,110,80,2,SHM,2200,1,2022
1600000000,Sewon,3,3,150,130,, SHM ,2200,2,2020
495000000,Sedayu,3,1,84,52,1, SHM ,1300,1,2021
3250000000,Kasihan,5,5,440,250,, SHM ,4400,1,2018
2400000000,Kasihan,,,,,,,,,
275000000,Sedayu,2,1,70,36,1, SHM ,1300,1,2022
725000000,Kasihan,2,1,90,45,1, SHM ,1300,1,
375000000,Sedayu,2,1,99,99,, SHM ,1300,,
375000000,Sewon,2,1,81,45,1, SHM ,1300,1,2022
390000000,Banguntapan,2,1,72,36,1, SHM ,1300,1,2022
495000000,Bantul,2,1,87,36,1, SHM ,1300,1,2022
395000000,Banguntapan,2,1,72,36,, SHM ,,,
450000000,Banguntapan,2,1,61,36,1, HGB ,1300,1,2022
930000000,Banguntapan,3,2,97,75,1, SHM ,1300,1,2022
4550000000,Banguntapan,2,1,75,55,1, SHM ,1300,1,2018
230000000,Bantul,2,1,60,30,1, SHM ,1300,1,2022
3600000000,Kasihan,4,3,1052,300,2, SHM ,1300,1,
2250000000,Banguntapan,4,4,130,160,2, SHM ,,,
345000000,Sedayu,2,1,72,36,1, SHM ,1300,1,2022
258000000,Sedayu,2,1,65,32,, HGB ,1300,1,2021
395000000,Bantul,2,1,84,50,, SHM ,900,1,
1100000000,Banguntapan,3,2,111,75,1, SHM ,1300,1,
529000000,Banguntapan,2,1,60,40,1, SHM ,1300,1,2022
290000000,Kasihan,2,1,100,36,1, SHM ,900,1,2022
3500000000,Kasihan,3,3,300,200,2, SHM ,2200,2,2019
1400000000,Kasihan,3,2,200,236,1, SHM ,2200,2,2018
763000000,Banguntapan,3,2,104,75,, SHM ,,1,
357000000,Kasihan,2,1,80,40,1, SHM ,1300,1,
700000000,Banguntapan,3,2,86,68,, HGB ,900,1,2010
550000000,Banguntapan,2,1,87,45,1, SHM ,1300,1,
250000000,Kasihan,2,1,60,30,1, SHM ,1300,1,2022
465000000,Sedayu,3,1,75,49,1, SHM ,1300,1,
210000000,Pajangan,2,1,60,60,1, SHM ,1300,1,2022
824000000,Sedayu,2,2,92,86,, HGB ,2200,2,2020
595000000,Kasihan,2,1,100,100,1, SHM ,900,1,
280000000,Bantul,2,1,82,45,5, SHM ,1300,1,
835000000,Sedayu,,,110,70,, SHM ,,1,
1550000000,Sewon,4,3,108,104,1, SHM ,2200,1,2019
435000000,Sedayu,2,1,95,48,1, SHM ,1300,1,2022
325000000,Pandak,2,1,100,45,, SHM ,1300,1,2022
710000000,Bantul,3,2,310,190,1,SHM,1300,1,2019
645000000,Sedayu,2,1,230,45,, SHM ,,,
280000000,Pandak,2,1,82,45,1, SHM ,1300,1,
550000000,Kasihan,3,1,121,100,1, SHM ,1300,1,
320000000,Pajangan,2,1,80,50,2, SHM ,1300,1,
270000000,Sedayu,2,1,74,36,1, SHM ,1300,1,2022
1490000000,Banguntapan,4,3,108,93,2, HGB ,2200,,
401000000,Sedayu,2,1,75,36,, SHM ,,,
,,,,,,,,,,
345000000,Kasihan,2,1,73,36,1, SHM ,1300,1,
850000000,Banguntapan,3,2,98,76,1, SHM ,2200,2,
550000000,Kasihan,3,2,150,100,1,SHM,2200,1,2022
440000000,Sedayu,3,1,72,45,1, HGB ,2200,1,2022
485000000,Piyungan,2,1,74,40,1, SHM ,1300,1,2022
300000000,Sedayu,2,1,60,30,1, SHM ,1300,1,2022
195000000,Plered,2,1,60,30,1, SHM ,1300,1,2022
4500000000,Kasihan,5,3,461,250,, SHM ,,1,
335000000,Kasihan,2,1,73,36,1, SHM ,1300,1,2022
565000000,Banguntapan,2,,93,65,1, SHM ,,,
430000000,Sewon,2,1,79,36,, SHM ,1300,1,2021
450000000,Sewon,2,1,80,45,1, SHM ,900,1,
900000000,Banguntapan,4,3,191,140,1, SHM ,,1,
750000000,Sedayu,4,3,320,220,2,SHM,2200,2,2019
450000000,Banguntapan,2,1,60,36,1, SHM ,1300,1,2022
360000000,Sedayu,3,1,100,45,, SHM ,1300,1,
4800000000,Banguntapan,6,4,569,241,1, SHM ,4400,2,2002
480000000,Kasihan,2,1,95,45,, SHM ,1300,1,2022
445000000,Banguntapan,3,1,78,70,, SHM ,,,2017
480000000,Banguntapan,2,1,94,45,, SHM ,1300,1,2020
1150000000,Banguntapan,3,2,97,84,1, HGB ,1300,2,
400000000,Sedayu,2,1,83,45,1, SHM ,,2,
470000000,Bantul,2,1,95,60,1,SHM,1300,1,2021
285000000,Bantul,2,1,72,36,1, SHM ,1300,1,2022
800000000,Bantul,3,2,270,180,1,SHM,1300,1,2018
475000000,Kasihan,3,1,81,60,, SHM ,1300,1,2013
175000000,Plered,2,1,60,30,1, HGB ,1300,1,
385000000,Sedayu,2,1,73,40,1, SHM ,1300,1,2022
372000000,Sedayu,2,1,75,36,, HGB ,1300,1,
950000000,Banguntapan,3,3,191,150,1, SHM ,,1,
350000000,Sedayu,2,1,96,36,1, SHM ,1300,1,2022
280000000,Pandak,2,1,84,45,1, SHM ,1300,1,2022
482000000,Bantul,2,1,72,40,1, SHM ,1300,1,
360000000,Banguntapan,2,1,60,36,1, SHM ,1300,1,2022
350000000,Kasihan,2,1,75,45,1, SHM ,1300,1,
3200000000,Banguntapan,15,15,168,320,, HGB ,,2,
750000000,Sewon,3,2,133,120,2, SHM ,1300,2,
710000000,Sewon,3,2,300,180,1,SHM,1300,1,2022
368000000,Sedayu,2,1,82,36,1, SHM ,1300,1,
903000000,Kasihan,3,2,113,80,, HGB ,2200,2,2020
400000000,Piyungan,2,1,84,84,1, SHM ,1300,1,2016
460000000,Sewon,2,1,85,45,1, SHM ,1300,1,2022
750000000,Banguntapan,3,2,84,65,1, SHM ,2200,2,
390000000,Banguntapan,2,1,76,76,1, HGB ,900,1,
630000000,Sewon,4,2,150,100,1,SHM,2200,2,2022
1550000000,Kasihan,4,2,105,200,1, HGB ,7700,2,
1750000000,Kasihan,9,10,109,118,1, SHM ,3500,2,2022
2150000000,Kasihan,4,3,167,190,1, HGB ,2200,2,1994
750000000,Banguntapan,3,2,84,65,1, HGB ,2200,2,
1150000000,Banguntapan,4,3,112,90,1, SHM ,2200,2,2022
255000000,Pajangan,2,1,60,30,1, SHM ,1300,1,2022
380000000,Kasihan,2,1,80,45,1, SHM ,900,1,
495000000,Kasihan,3,1,100,45,, SHM ,1300,1,2021
385000000,Sedayu,2,1,40,73,1, SHM ,1300,1,2022
2400000000,Kasihan,4,3,150,225,, SHM ,,,
425000000,Sedayu,2,1,88,40,, HGB ,1300,1,
295000000,Sedayu,2,1,80,36,1, SHM ,1300,1,2022
344000000,Kasihan,2,1,73,36,1, SHM ,1300,1,2022
875000000,Kasihan,3,2,95,95,1, SHM ,,1,
929000000,Bantul,3,2,70,104,1, SHM ,1300,1,2021
470000000,Banguntapan,2,1,94,45,1, SHM ,1300,1,
345000000,Banguntapan,2,1,80,45,, SHM ,,,2017
595000000,Kasihan,2,1,100,100,, SHM ,,,
475000000,Sewon,2,1,80,45,1, SHM ,1300,1,2022
464000000,Banguntapan,3,1,50,70,2, SHM ,1300,2,
524000000,Banguntapan,2,1,74,36,1, SHM ,1300,1,
430000000,Plered,2,1,93,43,1, SHM ,1300,1,2022
550000000,Kasihan,3,2,120,80,2,SHM,1300,1,2021
275000000,Sedayu,2,1,70,36,1, SHM ,1300,1,2022
818000000,Banguntapan,3,2,91,76,1, SHM ,1300,2,2022
372000000,Kasihan,2,1,103,40,1, SHM ,1300,1,2022
640000000,Plered,3,1,116,70,1, SHM ,,1,
715000000,Bantul,2,2,100,80,1, SHM ,2200,1,2022
1350000000,Sewon,3,3,135,95,, SHM ,2200,2,2019
680000000,Sewon,3,2,206,90,, HGB ,2200,2,2021
500000000,Sewon,12,12,1839,500,, SHM ,9500,1,2016
390000000,Sedayu,2,1,90,40,1, SHM ,1300,1,2022
715000000,Banguntapan,2,2,100,80,1, SHM ,2200,1,
750000000,Banguntapan,3,2,160,90,2, SHM ,1300,1,2022
3500000000,Kasihan,3,1,262,233,1, HGB ,900,,
475000000,Kasihan,2,1,44,83,1, SHM ,1300,1,2022
1200000000,Kasihan,2,1,103,60,, HGB ,1300,1,
2100000000,Banguntapan,5,4,123,120,2, SHM ,3500,2,2014
445000000,Piyungan,2,1,83,50,1, SHM ,1300,1,2020
2600000000,Banguntapan,19,19,259,400,, SHM ,,2,
622000000,Sedayu,3,2,117,60,, SHM ,1300,2,
1300000000,Sewon,3,2,166,80,1, SHM ,2200,1,2010
3500000000,Sewon,4,5,800,600,4, SHM ,3500,,2017
275000000,Kasihan,2,1,60,30,1, HGB ,900,1,2022
935000000,Banguntapan,3,3,183,183,, SHM ,1300,1,1992
299000000,Sedayu,2,1,72,36,1, SHM ,1300,1,2022
400000000,Banguntapan,2,1,60,36,1, SHM ,1300,1,
365000000,Bantul,2,1,90,45,1, SHM ,900,1,2022
805000000,Banguntapan,3,2,88,76,1, SHM ,2200,2,
2900000000,Imogiri,,,,,,,,,
2300000000,Banguntapan,,,,,,,,,
350000000,Sewon,2,1,80,45,1, SHM ,1300,1,
500000000,Sewon,12,9,1850,600,1, SHM ,2200,,
1650000000,Kasihan,3,3,120,110,1, SHM ,2200,2,
470000000,Banguntapan,2,1,94,45,, SHM ,1300,1,
315000000,Sedayu,3,1,75,45,1, SHM ,1300,1,2022
495000000,Kasihan,3,1,100,45,, SHM ,1300,,2021
2490000000,Kasihan,4,3,130,145,1, SHM ,,2,
2200000000,Kasihan,14,14,287,287,, SHM ,2200,1,2021
490000000,Kasihan,5,5,104,85,, SHM ,1300,,
630000000,Sewon,4,2,200,140,2,SHM,2200,1,2021
561000000,Sedayu,2,1,98,36,1, SHM ,1300,1,2022
485000000,Kasihan,2,1,87,45,1, SHM ,1300,1,2022
375000000,Pajangan,2,1,82,36,1, SHM ,1300,1,
450000000,Sewon,2,1,80,45,1, SHM ,1300,1,2022
750000000,Banguntapan,3,2,123,72,1, SHM ,1300,1,2022
310000000,Sewon,2,1,83,40,, SHM ,1300,1,2020
795000000,Sedayu,3,2,110,70,1, SHM ,2200,2,2022
365000000,Banguntapan,,,,,,,,,
325000000,Bantul,2,1,80,45,, SHM ,,,
599000000,Sewon,3,2,75,60,, SHM ,1300,2,2021
795000000,Sedayu,3,2,110,70,1, SHM ,1300,2,2022
625000000,Banguntapan,2,2,80,160,1, SHM ,,2,
368000000,Kasihan,2,1,78,36,, SHM ,1300,1,2020
550000000,Bantul,3,2,121,63,, SHM ,900,1,2021
210000000,Sedayu,2,1,60,30,1, SHM ,1300,1,2022
1660000000,Kasihan,13,14,120,300,2, SHM ,2200,3,2022
363000000,Sedayu,2,1,80,36,1, HGB ,1300,1,2022
550000000,Banguntapan,3,2,140,95,1,SHM,1300,1,2021
950000000,Banguntapan,3,3,100,90,1, SHM ,1300,1,2021
285000000,Pajangan,2,1,72,36,1, SHM ,1300,1,
875000000,Sedayu,5,4,350,260,2,SHM,2200,3,2021
1000000000,Banguntapan,30,24,547,600,, SHM ,,2,
650000000,Sewon,3,2,270,180,1,SHM,1300,1,2018
805000000,Banguntapan,3,2,88,76,1, SHM ,2200,2,
947000000,Kasihan,3,2,80,78,1, SHM ,2200,2,2022
200000000,Kasihan,10,10,117,227,1, SHM ,,2,
2500000000,Kasihan,3,2,150,160,1, HGB ,2200,,
335000000,Bantul,2,1,50,87,1, SHM ,900,1,2022
3110000000,Sedayu,,,,,,,,,
365000000,Banguntapan,2,1,50,40,1, SHM ,1300,1,2022
513000000,Kasihan,2,1,102,45,1, SHM ,1300,1,2022
195000000,Sedayu,2,1,60,30,1, SHM ,1300,1,2022
250000000,Bantul,2,1,36,72,1, SHM ,1300,1,2022
385000000,Sedayu,3,2,75,68,1, SHM ,2200,1,2022
570000000,Kasihan,3,2,180,120,1,SHM,1300,1,2023
19900000000,Kasihan,4,4,1000,600,, SHM ,2200,1,2016
2250000000,Banguntapan,4,4,130,160,1, SHM ,4400,2,
499000000,Kasihan,2,1,95,50,1, SHM ,1300,1,
475000000,Bantul,,,,,,,,,
280000000,Kasihan,2,1,72,42,1, SHM ,1300,1,2022
395000000,Banguntapan,2,1,72,36,, SHM ,1300,1,2022
270000000,Sedayu,2,1,80,36,1, SHM ,1300,1,
1100000000,Banguntapan,3,2,91,100,1, SHM ,2200,2,
750000000,Sewon,3,2,80,65,1, SHM ,1300,2,2022
850000000,Banguntapan,3,2,96,76,1, SHM ,1300,2,
200000000,Kasihan,2,1,189,80,, HGB ,2200,,
1500000000,Kasihan,4,3,117,100,, SHM ,2200,2,2017
461000000,Imogiri,2,1,72,36,, HGB ,1300,1,2020
900000000,Sedayu,2,1,108,46,, SHM ,,1,
1470000000,Bantul,3,2,145,100,1, SHM ,,1,
199000000,Bantul,2,1,60,30,1, SHM ,900,1,
947000000,Kasihan,3,2,80,78,1, SHM ,2200,2,
750000000,Banguntapan,2,1,100,85,1, SHM ,1300,1,2022
1300000000,Kasihan,3,4,110,85,1, SHM ,2200,2,2015
680000000,Sewon,4,3,210,150,1,SHM,2200,2,2021
600000000,Banguntapan,3,1,123,75,, SHM ,1300,1,2016
9500000000,Sewon,3,3,1402,600,1, SHM ,,1,
298000000,Sedayu,2,1,96,36,1, SHM ,1300,1,
385000000,Sedayu,2,1,73,40,1, SHM ,1300,1,2022
799000000,Sedayu,2,1,108,50,1, HGB ,1300,1,2022
560000000,Sewon,3,2,140,95,1,SHM,1300,1,2022
675000000,Banguntapan,3,2,83,77,, SHM ,1300,2,2020
288000000,Sedayu,2,1,40,60,1, HGB ,,1,
452000000,Piyungan,2,1,72,40,1, SHM ,1300,1,
420000000,Sewon,2,1,90,60,1,SHM,1300,1,2023
475000000,Banguntapan,2,1,68,45,1, SHM ,1300,1,
200000000,Banguntapan,4,3,113,140,1, SHM ,4400,2,2022
270000000,Sedayu,2,1,80,36,, SHM ,1300,1,
275000000,Sedayu,2,1,70,36,1, SHM ,1300,1,2022
385000000,Sedayu,2,1,81,36,1, SHM ,1300,1,2022
275000000,Sedayu,2,1,60,30,1, SHM ,1300,1,2020
1200000000,Banguntapan,4,2,116,155,, SHM ,,2,
850000000,Banguntapan,3,2,99,70,1, SHM ,,1,
200000000,Banguntapan,4,3,113,140,1, SHM ,4400,2,2022
3500000000,Banguntapan,5,3,851,530,, SHM ,,,
465000000,Banguntapan,2,1,81,65,, SHM ,,,2019
520000000,Banguntapan,2,1,72,51,1, SHM ,1300,1,2021
1500000000,Banguntapan,4,2,184,140,, SHM ,1300,1,2015
3570000000,Bantul,4,4,317,195,1, SHM ,3500,2,2022
445000000,Banguntapan,2,1,81,55,1, SHM ,1300,1,2020
530000000,Sedayu,2,1,100,40,1, SHM ,1300,1,
425000000,Bantul,2,1,92,55,1, SHM ,900,1,2022
1800000000,Banguntapan,4,4,100,180,1, SHM ,2200,1,
1350000000,Banguntapan,3,2,112,86,, SHM ,,,
4500000000,Sewon,4,4,1000,400,, SHM ,1300,1,2018
,,,,,,,,,,
1100000000,Banguntapan,3,2,80,105,, SHM ,,1,
947000000,Kasihan,3,2,80,78,1, SHM ,1300,2,
1350000000,Banguntapan,4,3,142,180,1, SHM ,,2,
600000000,Banguntapan,4,3,180,130,2,SHM,2200,2,2023
325000000,Pandak,2,1,72,40,1, SHM ,1300,1,2022
360000000,Jetis,3,2,60,85,1, SHM ,1300,1,2022
345000000,Sedayu,2,1,72,36,1, SHM ,1300,1,2022
595000000,Kasihan,2,1,100,100,1, SHM ,1300,1,
932000000,Bantul,3,3,75,120,1, SHM ,2200,2,2022
530000000,Bantul,3,2,140,100,2,SHM,1300,1,2021
1650000000,Bantul,3,3,150,130,2, SHM ,3500,2,2018
750000000,Sedayu,4,3,320,220,2,SHM,2200,2,2019
210000000,Pajangan,2,1,60,39,1, SHM ,1300,1,2022
365000000,Kasihan,2,1,89,45,1, SHM ,1300,1,2021
375000000,Piyungan,2,1,94,65,1, SHM ,1300,1,
260000000,Sedayu,2,1,60,36,1, SHM ,1300,1,2022
749000000,Banguntapan,3,2,84,65,1, SHM ,2200,2,2022
1500000000,Sewon,9,6,190,190,, SHM ,,1,
750000000,Sedayu,4,3,320,220,2,SHM,2200,2,2019
1550000000,Banguntapan,4,3,160,150,2, SHM ,2200,2,
900000000,Sewon,3,2,90,170,1, SHM ,1300,2,2022
495000000,Kasihan,3,1,100,45,1, SHM ,1300,1,2021
372000000,Kasihan,2,1,103,40,1, SHM ,1300,1,
475000000,Kasihan,2,1,93,45,1, SHM ,1300,1,
815000000,Sewon,2,2,60,65,2, SHM ,2200,2,2022
450000000,Imogiri,2,1,98,55,, SHM ,1300,1,2017
985000000,Kasihan,3,2,96,86,1, SHM ,2200,1,2022
1200000000,Banguntapan,3,2,120,100,1, SHM ,2200,1,2005
900000000,Banguntapan,2,2,100,50,, SHM ,,,2019
1350000000,Banguntapan,2,1,386,100,, SHM ,1300,1,2000
426000000,Sedayu,2,1,90,45,1, SHM ,1300,1,
385000000,Sedayu,2,1,73,40,1, SHM ,1300,1,2022
3130000000,Kasihan,4,4,281,195,1, SHM ,3500,2,2022
890000000,Sewon,6,6,100,54,, SHM ,1300,2,
300000000,Sedayu,3,2,70,45,, SHM ,,1,
200000000,Sewon,3,2,143,178,2, SHM ,3300,2,
1400000000,Banguntapan,3,4,148,223,, SHM ,1300,2,2020
270000000,Sedayu,2,1,90,36,1, SHM ,1300,1,2022
200000000,Kasihan,3,2,100,120,, SHM ,1300,2,2018
800000000,Banguntapan,4,3,300,200,2,SHM,2200,2,2021
549000000,Sewon,2,1,202,100,2, SHM ,,1,
1350000000,Banguntapan,3,2,112,86,, SHM ,1300,,
545000000,Sedayu,2,1,36,94,1, SHM ,1300,1,
385000000,Sedayu,2,1,73,40,1, SHM ,1300,1,2022
300000000,Pundong,2,1,160,90,, SHM ,900,1,
765000000,Kasihan,3,2,80,75,, SHM ,2200,2,2020
495000000,Sewon,3,2,105,70,1, SHM ,1300,1,2022
975000000,Kasihan,,,,,,,,,
499000000,Kasihan,2,1,95,50,1, SHM ,1300,1,
470000000,Bantul,2,1,95,60,1,SHM,1300,1,2023
950000000,Plered,3,2,96,82,, SHM ,2200,2,2021
525000000,Sewon,3,2,97,56,3, SHM ,2200,1,2022
385000000,Sedayu,2,1,73,40,1, SHM ,1300,1,2022
1700000000,Banguntapan,7,7,229,380,2, SHM ,1300,2,
931000000,Sedayu,3,3,120,80,, SHM ,2200,3,2021
550000000,Kasihan,2,1,83,70,1, SHM ,,1,
363000000,Sedayu,2,1,80,38,1, SHM ,1300,1,2022
2800000000,Banguntapan,,,147,155,, SHM ,,1,
385000000,Sedayu,2,1,40,73,1, SHM ,1300,1,
3330000000,Kasihan,4,4,281,195,2, SHM ,,2,
930000000,Banguntapan,3,2,97,75,1, SHM ,2200,1,2022
950000000,Sewon,6,4,350,300,3,SHM,3500,3,2022
979000000,Kasihan,3,2,83,78,1, SHM ,2200,2,2022
350000000,Sewon,2,1,80,45,1, SHM ,1300,1,2022
2300000000,Banguntapan,3,3,121,155,1, SHM ,5500,1,
1750000000,Kasihan,9,10,109,118,1, SHM ,3500,2,2022
1500000000,Sewon,9,6,190,190,, SHM ,,2,
1020000000,Bantul,3,2,95,83,1, SHM ,1300,1,2022
750000000,Banguntapan,3,2,84,65,1, SHM ,1300,2,2022
510000000,Kasihan,3,1,98,50,1, SHM ,900,1,2022
450000000,Kasihan,2,1,106,55,, SHM ,1300,1,2020
225000000,Pajangan,2,1,75,42,, SHM ,1300,1,
1610000000,Kasihan,2,3,120,110,1, SHM ,,,2021
650000000,Piyungan,2,1,108,55,1, SHM ,1300,1,
300000000,Kasihan,2,1,90,80,, SHM ,900,,2000
360000000,Bantul,2,1,75,45,1, SHM ,1300,1,2020
550000000,Sewon,2,1,87,45,, SHM ,1300,1,
950000000,Sewon,3,1,208,80,1, SHM ,1300,1,
1100000000,Kasihan,3,3,212,80,4, SHM ,2200,,
495000000,Banguntapan,3,2,70,55,, SHM ,1300,,
3200000000,Kasihan,3,3,281,195,2, SHM ,3500,,
